Lp.,Lokalizacja,Nazwa stacji hydrologicznej,Województwo,Temperatura wody,date
1,Morze Bałtyckie,ŚWINOUJŚCIE,zachodniopomorskie,18.5,2026-07-09
2,Morze Bałtyckie,KOŁOBRZEG,zachodniopomorskie,17.2,2026-07-09
3,Morze Bałtyckie,DARŁOWO,zachodniopomorskie,17.1,2026-07-09
4,Morze Bałtyckie,USTKA,pomorskie,16.0,2026-07-09
5,Morze Bałtyckie,ŁEBA,pomorskie,16.5,2026-07-09
6,Morze Bałtyckie,DĘBKI,pomorskie,16.0,2026-07-09
7,Morze Bałtyckie,WŁADYSŁAWOWO,pomorskie,17.3,2026-07-09
8,Morze Bałtyckie,HEL,pomorskie,17.2,2026-07-09
9,Morze Bałtyckie,PUCK,pomorskie,16.6,2026-07-09
10,Morze Bałtyckie,GDYNIA,pomorskie,17.2,2026-07-09
11,Morze Bałtyckie,GDAŃSK - PORT PÓŁNOCNY,pomorskie,17.9,2026-07-09
12,Morze Bałtyckie,NOWY ŚWIAT - UJŚCIE,pomorskie,17.6,2026-07-09
13,Zalew Wiślany,NOWY ŚWIAT - ZALEW,pomorskie,16.4,2026-07-09
14,Zalew Wiślany,KRYNICA MORSKA,pomorskie,16.5,2026-07-09
15,Zalew Wiślany,OSŁONKA,pomorskie,brak danych,2026-07-09
16,Elbląg,NOWAKOWO,warmińsko-mazurskie,brak danych,2026-07-09
17,Zalew Wiślany,TOLKMICKO,warmińsko-mazurskie,15.6,2026-07-09
18,Zalew Wiślany,NOWA PASŁĘKA,warmińsko-mazurskie,17.9,2026-07-09
19,Cieśnina Dziwna,WOLIN,zachodniopomorskie,17.7,2026-07-09
20,Jez. Morzycko,PRZYJEZIERZE,zachodniopomorskie,20.1,2026-07-09
21,Jez. Ińsko,IŃSKO,zachodniopomorskie,18.6,2026-07-09
22,Jez. Lubie,LUBIESZEWO,zachodniopomorskie,brak danych,2026-07-09
23,Jez. Ostrowite,WYSPA POKRZYWKA,zachodniopomorskie,20.4,2026-07-09
24,Jez. Jamno,UNIEŚCIE,zachodniopomorskie,18.0,2026-07-09
25,Jez. Komorze,SIKORY,zachodniopomorskie,brak danych,2026-07-09
26,Jez. Drawsko,CZAPLINEK,zachodniopomorskie,17.6,2026-07-09
27,Jez. Bytyń Wielki,NAKIELNO,zachodniopomorskie,brak danych,2026-07-09
28,Jez. Gardno,GARDNA WIELKA,pomorskie,15.0,2026-07-09
29,Jez. Łebsko,IZBICA,pomorskie,15.1,2026-07-09
30,Jez. Jasień Pd.,JASIEŃ,pomorskie,18.1,2026-07-09
31,Jez. Charzykowskie,CHARZYKOWY,pomorskie,17.8,2026-07-09
32,Jez. Wdzydze,JEZIORNA,pomorskie,18.1,2026-07-09
33,Jez. Raduńskie Górne,BORUCINO,pomorskie,17.7,2026-07-09
34,Jez. Ostrzyckie,OSTRZYCE,pomorskie,17.6,2026-07-09
35,Jez. Dzierzgoń,PRABUTY,pomorskie,16.7,2026-07-09
36,Jez. Żabie,ŁUGI,lubuskie,18.9,2026-07-09
37,Jez. Niesłysz,PRZEŁAZY,lubuskie,21.1,2026-07-09
38,Jez. Sławskie,RADZYŃ,lubuskie,20.4,2026-07-09
39,Jez. Sławianowskie,BUNTOWO,wielkopolskie,brak danych,2026-07-09
40,Jez. Powidzkie,POWIDZ,wielkopolskie,17.9,2026-07-09
41,Jez. Sępoleńskie,SĘPÓLNO KRAJEŃSKIE,kujawsko-pomorskie,18.8,2026-07-09
42,Jez. Gopło,KRUSZWICA,kujawsko-pomorskie,19.7,2026-07-09
43,Jez. Bachotek,BACHOTEK,kujawsko-pomorskie,18.8,2026-07-09
44,Jez. Druzno,ŻUKOWO,warmińsko-mazurskie,18.1,2026-07-09
45,Jez. Jeziorak,IŁAWA,warmińsko-mazurskie,18.2,2026-07-09
46,Jez. Dadaj,DADAJ,warmińsko-mazurskie,18.3,2026-07-09
47,Jez. Nidzkie,RUCIANE-NIDA,warmińsko-mazurskie,18.8,2026-07-09
48,Jez. Mikołajskie,MIKOŁAJKI,warmińsko-mazurskie,18.4,2026-07-09
49,Jez. Śniardwy,GŁODOWO,warmińsko-mazurskie,15.3,2026-07-09
50,Jez. Roś,MALDANIN,warmińsko-mazurskie,17.8,2026-07-09
51,Jez. Mamry,PRZYSTAŃ,warmińsko-mazurskie,16.9,2026-07-09
52,Jez. Litygajno,BORKI,warmińsko-mazurskie,16.4,2026-07-09
53,Jez. Ełckie,EŁK,warmińsko-mazurskie,17.8,2026-07-09
54,Jez. Selmęt Wielki,SORDACHY,warmińsko-mazurskie,17.4,2026-07-09
55,Jez. Białe Augustowskie,PRZEWIĘŹ,podlaskie,19.0,2026-07-09
56,Jez. Rospuda Filipowska,WÓLKA,podlaskie,17.1,2026-07-09
57,Jez. Hańcza,WRÓBEL,podlaskie,17.8,2026-07-09
58,Jez. Rajgrodzkie,RAJGRÓD,podlaskie,18.8,2026-07-09
59,Jez. Wigry,WIGRY,podlaskie,18.6,2026-07-09
60,Jez. Studzieniczne,PRZEWIĘŹ,podlaskie,18.4,2026-07-09
61,Jez. Morskie Oko,MORSKIE OKO,małopolskie,11.3,2026-07-09
1,Morze Bałtyckie,ŚWINOUJŚCIE,zachodniopomorskie,18.8,2026-07-10
2,Morze Bałtyckie,KOŁOBRZEG,zachodniopomorskie,18.3,2026-07-10
3,Morze Bałtyckie,DARŁOWO,zachodniopomorskie,18.2,2026-07-10
4,Morze Bałtyckie,USTKA,pomorskie,16.9,2026-07-10
5,Morze Bałtyckie,ŁEBA,pomorskie,16.8,2026-07-10
6,Morze Bałtyckie,DĘBKI,pomorskie,17.0,2026-07-10
7,Morze Bałtyckie,WŁADYSŁAWOWO,pomorskie,17.4,2026-07-10
8,Morze Bałtyckie,HEL,pomorskie,17.1,2026-07-10
9,Morze Bałtyckie,PUCK,pomorskie,17.1,2026-07-10
10,Morze Bałtyckie,GDYNIA,pomorskie,17.3,2026-07-10
11,Morze Bałtyckie,GDAŃSK - PORT PÓŁNOCNY,pomorskie,18.0,2026-07-10
12,Morze Bałtyckie,NOWY ŚWIAT - UJŚCIE,pomorskie,17.5,2026-07-10
13,Zalew Wiślany,NOWY ŚWIAT - ZALEW,pomorskie,16.6,2026-07-10
14,Zalew Wiślany,KRYNICA MORSKA,pomorskie,16.5,2026-07-10
15,Zalew Wiślany,OSŁONKA,pomorskie,brak danych,2026-07-10
16,Elbląg,NOWAKOWO,warmińsko-mazurskie,brak danych,2026-07-10
17,Zalew Wiślany,TOLKMICKO,warmińsko-mazurskie,15.6,2026-07-10
18,Zalew Wiślany,NOWA PASŁĘKA,warmińsko-mazurskie,17.2,2026-07-10
19,Cieśnina Dziwna,WOLIN,zachodniopomorskie,18.6,2026-07-10
20,Jez. Morzycko,PRZYJEZIERZE,zachodniopomorskie,20.0,2026-07-10
21,Jez. Ińsko,IŃSKO,zachodniopomorskie,19.2,2026-07-10
22,Jez. Lubie,LUBIESZEWO,zachodniopomorskie,19.8,2026-07-10
23,Jez. Ostrowite,WYSPA POKRZYWKA,zachodniopomorskie,20.5,2026-07-10
24,Jez. Jamno,UNIEŚCIE,zachodniopomorskie,19.4,2026-07-10
25,Jez. Komorze,SIKORY,zachodniopomorskie,19.5,2026-07-10
26,Jez. Drawsko,CZAPLINEK,zachodniopomorskie,18.2,2026-07-10
27,Jez. Bytyń Wielki,NAKIELNO,zachodniopomorskie,19.7,2026-07-10
28,Jez. Gardno,GARDNA WIELKA,pomorskie,15.3,2026-07-10
29,Jez. Łebsko,IZBICA,pomorskie,15.5,2026-07-10
30,Jez. Jasień Pd.,JASIEŃ,pomorskie,18.2,2026-07-10
31,Jez. Charzykowskie,CHARZYKOWY,pomorskie,17.8,2026-07-10
32,Jez. Wdzydze,JEZIORNA,pomorskie,18.1,2026-07-10
33,Jez. Raduńskie Górne,BORUCINO,pomorskie,17.8,2026-07-10
34,Jez. Ostrzyckie,OSTRZYCE,pomorskie,17.6,2026-07-10
35,Jez. Dzierzgoń,PRABUTY,pomorskie,17.1,2026-07-10
36,Jez. Żabie,ŁUGI,lubuskie,19.2,2026-07-10
37,Jez. Niesłysz,PRZEŁAZY,lubuskie,21.2,2026-07-10
38,Jez. Sławskie,RADZYŃ,lubuskie,20.5,2026-07-10
39,Jez. Sławianowskie,BUNTOWO,wielkopolskie,18.9,2026-07-10
40,Jez. Powidzkie,POWIDZ,wielkopolskie,18.7,2026-07-10
41,Jez. Sępoleńskie,SĘPÓLNO KRAJEŃSKIE,kujawsko-pomorskie,19.1,2026-07-10
42,Jez. Gopło,KRUSZWICA,kujawsko-pomorskie,19.6,2026-07-10
43,Jez. Bachotek,BACHOTEK,kujawsko-pomorskie,18.6,2026-07-10
44,Jez. Druzno,ŻUKOWO,warmińsko-mazurskie,17.7,2026-07-10
45,Jez. Jeziorak,IŁAWA,warmińsko-mazurskie,17.9,2026-07-10
46,Jez. Dadaj,DADAJ,warmińsko-mazurskie,17.9,2026-07-10
47,Jez. Nidzkie,RUCIANE-NIDA,warmińsko-mazurskie,18.4,2026-07-10
48,Jez. Mikołajskie,MIKOŁAJKI,warmińsko-mazurskie,17.6,2026-07-10
49,Jez. Śniardwy,GŁODOWO,warmińsko-mazurskie,15.5,2026-07-10
50,Jez. Roś,MALDANIN,warmińsko-mazurskie,17.2,2026-07-10
51,Jez. Mamry,PRZYSTAŃ,warmińsko-mazurskie,16.6,2026-07-10
52,Jez. Litygajno,BORKI,warmińsko-mazurskie,16.6,2026-07-10
53,Jez. Ełckie,EŁK,warmińsko-mazurskie,17.4,2026-07-10
54,Jez. Selmęt Wielki,SORDACHY,warmińsko-mazurskie,17.1,2026-07-10
55,Jez. Białe Augustowskie,PRZEWIĘŹ,podlaskie,18.8,2026-07-10
56,Jez. Rospuda Filipowska,WÓLKA,podlaskie,17.1,2026-07-10
57,Jez. Hańcza,WRÓBEL,podlaskie,17.7,2026-07-10
58,Jez. Rajgrodzkie,RAJGRÓD,podlaskie,18.2,2026-07-10
59,Jez. Wigry,WIGRY,podlaskie,18.3,2026-07-10
60,Jez. Studzieniczne,PRZEWIĘŹ,podlaskie,18.1,2026-07-10
61,Jez. Morskie Oko,MORSKIE OKO,małopolskie,10.8,2026-07-10
1,Morze Bałtyckie,ŚWINOUJŚCIE,zachodniopomorskie,19.0,2026-07-11
2,Morze Bałtyckie,KOŁOBRZEG,zachodniopomorskie,18.5,2026-07-11
3,Morze Bałtyckie,DARŁOWO,zachodniopomorskie,18.0,2026-07-11
4,Morze Bałtyckie,USTKA,pomorskie,17.6,2026-07-11
5,Morze Bałtyckie,ŁEBA,pomorskie,17.9,2026-07-11
6,Morze Bałtyckie,DĘBKI,pomorskie,17.4,2026-07-11
7,Morze Bałtyckie,WŁADYSŁAWOWO,pomorskie,17.5,2026-07-11
8,Morze Bałtyckie,HEL,pomorskie,17.1,2026-07-11
9,Morze Bałtyckie,PUCK,pomorskie,17.2,2026-07-11
10,Morze Bałtyckie,GDYNIA,pomorskie,17.2,2026-07-11
11,Morze Bałtyckie,GDAŃSK - PORT PÓŁNOCNY,pomorskie,brak danych,2026-07-11
12,Morze Bałtyckie,NOWY ŚWIAT - UJŚCIE,pomorskie,17.7,2026-07-11
13,Zalew Wiślany,NOWY ŚWIAT - ZALEW,pomorskie,17.0,2026-07-11
14,Zalew Wiślany,KRYNICA MORSKA,pomorskie,17.0,2026-07-11
15,Zalew Wiślany,OSŁONKA,pomorskie,brak danych,2026-07-11
16,Elbląg,NOWAKOWO,warmińsko-mazurskie,brak danych,2026-07-11
17,Zalew Wiślany,TOLKMICKO,warmińsko-mazurskie,16.2,2026-07-11
18,Zalew Wiślany,NOWA PASŁĘKA,warmińsko-mazurskie,18.4,2026-07-11
19,Cieśnina Dziwna,WOLIN,zachodniopomorskie,19.3,2026-07-11
20,Jez. Morzycko,PRZYJEZIERZE,zachodniopomorskie,23.8,2026-07-11
21,Jez. Ińsko,IŃSKO,zachodniopomorskie,19.8,2026-07-11
22,Jez. Lubie,LUBIESZEWO,zachodniopomorskie,19.8,2026-07-11
23,Jez. Ostrowite,WYSPA POKRZYWKA,zachodniopomorskie,20.7,2026-07-11
24,Jez. Jamno,UNIEŚCIE,zachodniopomorskie,20.4,2026-07-11
25,Jez. Komorze,SIKORY,zachodniopomorskie,19.9,2026-07-11
26,Jez. Drawsko,CZAPLINEK,zachodniopomorskie,18.7,2026-07-11
27,Jez. Bytyń Wielki,NAKIELNO,zachodniopomorskie,19.9,2026-07-11
28,Jez. Gardno,GARDNA WIELKA,pomorskie,17.8,2026-07-11
29,Jez. Łebsko,IZBICA,pomorskie,16.0,2026-07-11
30,Jez. Jasień Pd.,JASIEŃ,pomorskie,18.2,2026-07-11
31,Jez. Charzykowskie,CHARZYKOWY,pomorskie,17.3,2026-07-11
32,Jez. Wdzydze,JEZIORNA,pomorskie,18.1,2026-07-11
33,Jez. Raduńskie Górne,BORUCINO,pomorskie,17.9,2026-07-11
34,Jez. Ostrzyckie,OSTRZYCE,pomorskie,17.8,2026-07-11
35,Jez. Dzierzgoń,PRABUTY,pomorskie,17.5,2026-07-11
36,Jez. Żabie,ŁUGI,lubuskie,19.4,2026-07-11
37,Jez. Niesłysz,PRZEŁAZY,lubuskie,21.4,2026-07-11
38,Jez. Sławskie,RADZYŃ,lubuskie,21.0,2026-07-11
39,Jez. Sławianowskie,BUNTOWO,wielkopolskie,19.3,2026-07-11
40,Jez. Powidzkie,POWIDZ,wielkopolskie,brak danych,2026-07-11
41,Jez. Sępoleńskie,SĘPÓLNO KRAJEŃSKIE,kujawsko-pomorskie,19.5,2026-07-11
42,Jez. Gopło,KRUSZWICA,kujawsko-pomorskie,19.4,2026-07-11
43,Jez. Bachotek,BACHOTEK,kujawsko-pomorskie,18.4,2026-07-11
44,Jez. Druzno,ŻUKOWO,warmińsko-mazurskie,17.6,2026-07-11
45,Jez. Jeziorak,IŁAWA,warmińsko-mazurskie,18.3,2026-07-11
46,Jez. Dadaj,DADAJ,warmińsko-mazurskie,18.1,2026-07-11
47,Jez. Nidzkie,RUCIANE-NIDA,warmińsko-mazurskie,18.4,2026-07-11
48,Jez. Mikołajskie,MIKOŁAJKI,warmińsko-mazurskie,17.6,2026-07-11
49,Jez. Śniardwy,GŁODOWO,warmińsko-mazurskie,17.4,2026-07-11
50,Jez. Roś,MALDANIN,warmińsko-mazurskie,18.5,2026-07-11
51,Jez. Mamry,PRZYSTAŃ,warmińsko-mazurskie,17.1,2026-07-11
52,Jez. Litygajno,BORKI,warmińsko-mazurskie,17.5,2026-07-11
53,Jez. Ełckie,EŁK,warmińsko-mazurskie,17.6,2026-07-11
54,Jez. Selmęt Wielki,SORDACHY,warmińsko-mazurskie,17.8,2026-07-11
55,Jez. Białe Augustowskie,PRZEWIĘŹ,podlaskie,19.1,2026-07-11
56,Jez. Rospuda Filipowska,WÓLKA,podlaskie,17.6,2026-07-11
57,Jez. Hańcza,WRÓBEL,podlaskie,18.0,2026-07-11
58,Jez. Rajgrodzkie,RAJGRÓD,podlaskie,18.7,2026-07-11
59,Jez. Wigry,WIGRY,podlaskie,18.6,2026-07-11
60,Jez. Studzieniczne,PRZEWIĘŹ,podlaskie,18.4,2026-07-11
61,Jez. Morskie Oko,MORSKIE OKO,małopolskie,10.8,2026-07-11
1,Morze Bałtyckie,ŚWINOUJŚCIE,zachodniopomorskie,19.8,2026-07-12
2,Morze Bałtyckie,KOŁOBRZEG,zachodniopomorskie,19.0,2026-07-12
3,Morze Bałtyckie,DARŁOWO,zachodniopomorskie,18.0,2026-07-12
4,Morze Bałtyckie,USTKA,pomorskie,17.7,2026-07-12
5,Morze Bałtyckie,ŁEBA,pomorskie,18.0,2026-07-12
6,Morze Bałtyckie,DĘBKI,pomorskie,18.2,2026-07-12
7,Morze Bałtyckie,WŁADYSŁAWOWO,pomorskie,17.8,2026-07-12
8,Morze Bałtyckie,HEL,pomorskie,17.2,2026-07-12
9,Morze Bałtyckie,PUCK,pomorskie,17.9,2026-07-12
10,Morze Bałtyckie,GDYNIA,pomorskie,17.4,2026-07-12
11,Morze Bałtyckie,GDAŃSK - PORT PÓŁNOCNY,pomorskie,"18,2",2026-07-12
12,Morze Bałtyckie,NOWY ŚWIAT - UJŚCIE,pomorskie,17.9,2026-07-12
13,Zalew Wiślany,NOWY ŚWIAT - ZALEW,pomorskie,17.2,2026-07-12
14,Zalew Wiślany,KRYNICA MORSKA,pomorskie,17.4,2026-07-12
15,Zalew Wiślany,OSŁONKA,pomorskie,brak danych,2026-07-12
16,Elbląg,NOWAKOWO,warmińsko-mazurskie,brak danych,2026-07-12
17,Zalew Wiślany,TOLKMICKO,warmińsko-mazurskie,16.8,2026-07-12
18,Zalew Wiślany,NOWA PASŁĘKA,warmińsko-mazurskie,18.3,2026-07-12
19,Cieśnina Dziwna,WOLIN,zachodniopomorskie,20.8,2026-07-12
20,Jez. Morzycko,PRZYJEZIERZE,zachodniopomorskie,24.4,2026-07-12
21,Jez. Ińsko,IŃSKO,zachodniopomorskie,20.0,2026-07-12
22,Jez. Lubie,LUBIESZEWO,zachodniopomorskie,19.8,2026-07-12
23,Jez. Ostrowite,WYSPA POKRZYWKA,zachodniopomorskie,20.8,2026-07-12
24,Jez. Jamno,UNIEŚCIE,zachodniopomorskie,brak danych,2026-07-12
25,Jez. Komorze,SIKORY,zachodniopomorskie,20.4,2026-07-12
26,Jez. Drawsko,CZAPLINEK,zachodniopomorskie,18.8,2026-07-12
27,Jez. Bytyń Wielki,NAKIELNO,zachodniopomorskie,20.2,2026-07-12
28,Jez. Gardno,GARDNA WIELKA,pomorskie,19.0,2026-07-12
29,Jez. Łebsko,IZBICA,pomorskie,16.2,2026-07-12
30,Jez. Jasień Pd.,JASIEŃ,pomorskie,18.7,2026-07-12
31,Jez. Charzykowskie,CHARZYKOWY,pomorskie,18.4,2026-07-12
32,Jez. Wdzydze,JEZIORNA,pomorskie,18.0,2026-07-12
33,Jez. Raduńskie Górne,BORUCINO,pomorskie,18.1,2026-07-12
34,Jez. Ostrzyckie,OSTRZYCE,pomorskie,18.2,2026-07-12
35,Jez. Dzierzgoń,PRABUTY,pomorskie,18.2,2026-07-12
36,Jez. Żabie,ŁUGI,lubuskie,19.9,2026-07-12
37,Jez. Niesłysz,PRZEŁAZY,lubuskie,22.0,2026-07-12
38,Jez. Sławskie,RADZYŃ,lubuskie,21.9,2026-07-12
39,Jez. Sławianowskie,BUNTOWO,wielkopolskie,19.5,2026-07-12
40,Jez. Powidzkie,POWIDZ,wielkopolskie,brak danych,2026-07-12
41,Jez. Sępoleńskie,SĘPÓLNO KRAJEŃSKIE,kujawsko-pomorskie,19.7,2026-07-12
42,Jez. Gopło,KRUSZWICA,kujawsko-pomorskie,20.0,2026-07-12
43,Jez. Bachotek,BACHOTEK,kujawsko-pomorskie,18.5,2026-07-12
44,Jez. Druzno,ŻUKOWO,warmińsko-mazurskie,17.6,2026-07-12
45,Jez. Jeziorak,IŁAWA,warmińsko-mazurskie,18.8,2026-07-12
46,Jez. Dadaj,DADAJ,warmińsko-mazurskie,18.2,2026-07-12
47,Jez. Nidzkie,RUCIANE-NIDA,warmińsko-mazurskie,18.6,2026-07-12
48,Jez. Mikołajskie,MIKOŁAJKI,warmińsko-mazurskie,18.0,2026-07-12
49,Jez. Śniardwy,GŁODOWO,warmińsko-mazurskie,18.2,2026-07-12
50,Jez. Roś,MALDANIN,warmińsko-mazurskie,19.0,2026-07-12
51,Jez. Mamry,PRZYSTAŃ,warmińsko-mazurskie,17.5,2026-07-12
52,Jez. Litygajno,BORKI,warmińsko-mazurskie,17.4,2026-07-12
53,Jez. Ełckie,EŁK,warmińsko-mazurskie,17.7,2026-07-12
54,Jez. Selmęt Wielki,SORDACHY,warmińsko-mazurskie,17.6,2026-07-12
55,Jez. Białe Augustowskie,PRZEWIĘŹ,podlaskie,19.1,2026-07-12
56,Jez. Rospuda Filipowska,WÓLKA,podlaskie,17.4,2026-07-12
57,Jez. Hańcza,WRÓBEL,podlaskie,18.0,2026-07-12
58,Jez. Rajgrodzkie,RAJGRÓD,podlaskie,19.0,2026-07-12
59,Jez. Wigry,WIGRY,podlaskie,18.5,2026-07-12
60,Jez. Studzieniczne,PRZEWIĘŹ,podlaskie,18.0,2026-07-12
61,Jez. Morskie Oko,MORSKIE OKO,małopolskie,10.7,2026-07-12
1,Morze Bałtyckie,ŚWINOUJŚCIE,zachodniopomorskie,19.7,2026-07-13
2,Morze Bałtyckie,KOŁOBRZEG,zachodniopomorskie,18.7,2026-07-13
3,Morze Bałtyckie,DARŁOWO,zachodniopomorskie,18.1,2026-07-13
4,Morze Bałtyckie,USTKA,pomorskie,18.1,2026-07-13
5,Morze Bałtyckie,ŁEBA,pomorskie,17.9,2026-07-13
6,Morze Bałtyckie,DĘBKI,pomorskie,17.9,2026-07-13
7,Morze Bałtyckie,WŁADYSŁAWOWO,pomorskie,17.8,2026-07-13
8,Morze Bałtyckie,HEL,pomorskie,17.4,2026-07-13
9,Morze Bałtyckie,PUCK,pomorskie,17.8,2026-07-13
10,Morze Bałtyckie,GDYNIA,pomorskie,17.7,2026-07-13
11,Morze Bałtyckie,GDAŃSK-PORT PÓŁNOCNY,pomorskie,18.2,2026-07-13
12,Morze Bałtyckie,NOWY ŚWIAT - UJŚCIE,pomorskie,18.7,2026-07-13
13,Zalew Wiślany,NOWY ŚWIAT - ZALEW,pomorskie,17.6,2026-07-13
14,Zalew Wiślany,KRYNICA MORSKA,pomorskie,18.1,2026-07-13
15,Zalew Wiślany,OSŁONKA,pomorskie,brak danych,2026-07-13
16,Elbląg,NOWAKOWO,warmińsko-mazurskie,brak danych,2026-07-13
17,Zalew Wiślany,TOLKMICKO,warmińsko-mazurskie,18.0,2026-07-13
18,Zalew Wiślany,NOWA PASŁĘKA,warmińsko-mazurskie,18.9,2026-07-13
19,Cieśnina Dziwna,WOLIN,zachodniopomorskie,21.8,2026-07-13
20,Jez. Morzycko,PRZYJEZIERZE,zachodniopomorskie,24.8,2026-07-13
21,Jez. Ińsko,IŃSKO,zachodniopomorskie,19.2,2026-07-13
22,Jez. Lubie,LUBIESZEWO,zachodniopomorskie,19.8,2026-07-13
23,Jez. Ostrowite,WYSPA POKRZYWKA,zachodniopomorskie,21.1,2026-07-13
24,Jez. Jamno,UNIEŚCIE,zachodniopomorskie,22.0,2026-07-13
25,Jez. Komorze,SIKORY,zachodniopomorskie,21.2,2026-07-13
26,Jez. Drawsko,CZAPLINEK,zachodniopomorskie,19.1,2026-07-13
27,Jez. Bytyń Wielki,NAKIELNO,zachodniopomorskie,19.9,2026-07-13
28,Jez. Gardno,GARDNA WIELKA,pomorskie,18.7,2026-07-13
29,Jez. Łebsko,IZBICA,pomorskie,16.2,2026-07-13
30,Jez. Jasień Pd.,JASIEŃ,pomorskie,18.7,2026-07-13
31,Jez. Charzykowskie,CHARZYKOWY,pomorskie,18.7,2026-07-13
32,Jez. Wdzydze,JEZIORNA,pomorskie,18.7,2026-07-13
33,Jez. Raduńskie Górne,BORUCINO,pomorskie,17.9,2026-07-13
34,Jez. Ostrzyckie,OSTRZYCE,pomorskie,18.5,2026-07-13
35,Jez. Dzierzgoń,PRABUTY,pomorskie,18.6,2026-07-13
36,Jez. Żabie,ŁUGI,lubuskie,20.1,2026-07-13
37,Jez. Niesłysz,PRZEŁAZY,lubuskie,22.0,2026-07-13
38,Jez. Sławskie,RADZYŃ,lubuskie,21.5,2026-07-13
39,Jez. Sławianowskie,BUNTOWO,wielkopolskie,20.3,2026-07-13
40,Jez. Powidzkie,POWIDZ,wielkopolskie,19.5,2026-07-13
41,Jez. Sępoleńskie,SĘPÓLNO KRAJEŃSKIE,kujawsko-pomorskie,20.8,2026-07-13
42,Jez. Gopło,KRUSZWICA,kujawsko-pomorskie,20.2,2026-07-13
43,Jez. Bachotek,BACHOTEK,kujawsko-pomorskie,18.7,2026-07-13
44,Jez. Druzno,ŻUKOWO,warmińsko-mazurskie,17.8,2026-07-13
45,Jez. Jeziorak,IŁAWA,warmińsko-mazurskie,19.2,2026-07-13
46,Jez. Dadaj,DADAJ,warmińsko-mazurskie,18.5,2026-07-13
47,Jez. Nidzkie,RUCIANE-NIDA,warmińsko-mazurskie,18.9,2026-07-13
48,Jez. Mikołajskie,MIKOŁAJKI,warmińsko-mazurskie,18.1,2026-07-13
49,Jez. Śniardwy,GŁODOWO,warmińsko-mazurskie,19.5,2026-07-13
50,Jez. Roś,MALDANIN,warmińsko-mazurskie,19.6,2026-07-13
51,Jez. Mamry,PRZYSTAŃ,warmińsko-mazurskie,18.1,2026-07-13
52,Jez. Litygajno,BORKI,warmińsko-mazurskie,17.5,2026-07-13
53,Jez. Ełckie,EŁK,warmińsko-mazurskie,18.0,2026-07-13
54,Jez. Selmęt Wielki,SORDACHY,warmińsko-mazurskie,18.2,2026-07-13
55,Jez. Białe Augustowskie,PRZEWIĘŹ,podlaskie,19.6,2026-07-13
56,Jez. Rospuda Filipowska,WÓLKA,podlaskie,18.3,2026-07-13
57,Jez. Hańcza,WRÓBEL,podlaskie,18.9,2026-07-13
58,Jez. Rajgrodzkie,RAJGRÓD,podlaskie,19.4,2026-07-13
59,Jez. Wigry,WIGRY,podlaskie,19.1,2026-07-13
60,Jez. Studzieniczne,PRZEWIĘŹ,podlaskie,18.4,2026-07-13
61,Jez. Morskie Oko,MORSKIE OKO,małopolskie,10.7,2026-07-13
1,Morze Bałtyckie,ŚWINOUJŚCIE,zachodniopomorskie,20.3,2026-07-14
2,Morze Bałtyckie,KOŁOBRZEG,zachodniopomorskie,18.7,2026-07-14
3,Morze Bałtyckie,DARŁOWO,zachodniopomorskie,18.2,2026-07-14
4,Morze Bałtyckie,USTKA,pomorskie,17.7,2026-07-14
5,Morze Bałtyckie,ŁEBA,pomorskie,17.7,2026-07-14
6,Morze Bałtyckie,DĘBKI,pomorskie,17.4,2026-07-14
7,Morze Bałtyckie,WŁADYSŁAWOWO,pomorskie,17.8,2026-07-14
8,Morze Bałtyckie,HEL,pomorskie,17.1,2026-07-14
9,Morze Bałtyckie,PUCK,pomorskie,17.6,2026-07-14
10,Morze Bałtyckie,GDYNIA,pomorskie,17.4,2026-07-14
11,Morze Bałtyckie,GDAŃSK-PORT PÓŁNOCNY,pomorskie,18.1,2026-07-14
12,Morze Bałtyckie,NOWY ŚWIAT - UJŚCIE,pomorskie,18.1,2026-07-14
13,Zalew Wiślany,NOWY ŚWIAT - ZALEW,pomorskie,17.4,2026-07-14
14,Zalew Wiślany,KRYNICA MORSKA,pomorskie,17.6,2026-07-14
15,Zalew Wiślany,OSŁONKA,pomorskie,brak danych,2026-07-14
16,Elbląg,NOWAKOWO,warmińsko-mazurskie,brak danych,2026-07-14
17,Zalew Wiślany,TOLKMICKO,warmińsko-mazurskie,17.5,2026-07-14
18,Zalew Wiślany,NOWA PASŁĘKA,warmińsko-mazurskie,18.4,2026-07-14
19,Cieśnina Dziwna,WOLIN,zachodniopomorskie,21.7,2026-07-14
20,Jez. Morzycko,PRZYJEZIERZE,zachodniopomorskie,22.4,2026-07-14
21,Jez. Ińsko,IŃSKO,zachodniopomorskie,20.2,2026-07-14
22,Jez. Lubie,LUBIESZEWO,zachodniopomorskie,19.6,2026-07-14
23,Jez. Ostrowite,WYSPA POKRZYWKA,zachodniopomorskie,22.1,2026-07-14
24,Jez. Jamno,UNIEŚCIE,zachodniopomorskie,21.8,2026-07-14
25,Jez. Komorze,SIKORY,zachodniopomorskie,21.0,2026-07-14
26,Jez. Drawsko,CZAPLINEK,zachodniopomorskie,19.7,2026-07-14
27,Jez. Bytyń Wielki,NAKIELNO,zachodniopomorskie,19.7,2026-07-14
28,Jez. Gardno,GARDNA WIELKA,pomorskie,18.9,2026-07-14
29,Jez. Łebsko,IZBICA,pomorskie,16.3,2026-07-14
30,Jez. Jasień Pd.,JASIEŃ,pomorskie,18.5,2026-07-14
31,Jez. Charzykowskie,CHARZYKOWY,pomorskie,19.2,2026-07-14
32,Jez. Wdzydze,JEZIORNA,pomorskie,19.3,2026-07-14
33,Jez. Raduńskie Górne,BORUCINO,pomorskie,17.7,2026-07-14
34,Jez. Ostrzyckie,OSTRZYCE,pomorskie,18.4,2026-07-14
35,Jez. Dzierzgoń,PRABUTY,pomorskie,18.4,2026-07-14
36,Jez. Żabie,ŁUGI,lubuskie,20.6,2026-07-14
37,Jez. Niesłysz,PRZEŁAZY,lubuskie,21.0,2026-07-14
38,Jez. Sławskie,RADZYŃ,lubuskie,22.9,2026-07-14
39,Jez. Sławianowskie,BUNTOWO,wielkopolskie,21.1,2026-07-14
40,Jez. Powidzkie,POWIDZ,wielkopolskie,20.5,2026-07-14
41,Jez. Sępoleńskie,SĘPÓLNO KRAJEŃSKIE,kujawsko-pomorskie,21.4,2026-07-14
42,Jez. Gopło,KRUSZWICA,kujawsko-pomorskie,20.8,2026-07-14
43,Jez. Bachotek,BACHOTEK,kujawsko-pomorskie,18.8,2026-07-14
44,Jez. Druzno,ŻUKOWO,warmińsko-mazurskie,17.9,2026-07-14
45,Jez. Jeziorak,IŁAWA,warmińsko-mazurskie,19.0,2026-07-14
46,Jez. Dadaj,DADAJ,warmińsko-mazurskie,18.7,2026-07-14
47,Jez. Nidzkie,RUCIANE-NIDA,warmińsko-mazurskie,19.8,2026-07-14
48,Jez. Mikołajskie,MIKOŁAJKI,warmińsko-mazurskie,18.2,2026-07-14
49,Jez. Śniardwy,GŁODOWO,warmińsko-mazurskie,21.0,2026-07-14
50,Jez. Roś,MALDANIN,warmińsko-mazurskie,20.0,2026-07-14
51,Jez. Mamry,PRZYSTAŃ,warmińsko-mazurskie,18.3,2026-07-14
52,Jez. Litygajno,BORKI,warmińsko-mazurskie,18.3,2026-07-14
53,Jez. Ełckie,EŁK,warmińsko-mazurskie,18.3,2026-07-14
54,Jez. Selmęt Wielki,SORDACHY,warmińsko-mazurskie,18.6,2026-07-14
55,Jez. Białe Augustowskie,PRZEWIĘŹ,podlaskie,20.2,2026-07-14
56,Jez. Rospuda Filipowska,WÓLKA,podlaskie,19.2,2026-07-14
57,Jez. Hańcza,WRÓBEL,podlaskie,20.4,2026-07-14
58,Jez. Rajgrodzkie,RAJGRÓD,podlaskie,20.2,2026-07-14
59,Jez. Wigry,WIGRY,podlaskie,20.3,2026-07-14
60,Jez. Studzieniczne,PRZEWIĘŹ,podlaskie,19.1,2026-07-14
61,Jez. Morskie Oko,MORSKIE OKO,małopolskie,11.0,2026-07-14
1,Morze Bałtyckie,ŚWINOUJŚCIE,zachodniopomorskie,20.5,2026-07-15
2,Morze Bałtyckie,KOŁOBRZEG,zachodniopomorskie,18.4,2026-07-15
3,Morze Bałtyckie,DARŁOWO,zachodniopomorskie,17.7,2026-07-15
4,Morze Bałtyckie,USTKA,pomorskie,17.7,2026-07-15
5,Morze Bałtyckie,ŁEBA,pomorskie,18.6,2026-07-15
6,Morze Bałtyckie,DĘBKI,pomorskie,18.1,2026-07-15
7,Morze Bałtyckie,WŁADYSŁAWOWO,pomorskie,18.2,2026-07-15
8,Morze Bałtyckie,HEL,pomorskie,17.5,2026-07-15
9,Morze Bałtyckie,PUCK,pomorskie,18.3,2026-07-15
10,Morze Bałtyckie,GDYNIA,pomorskie,17.7,2026-07-15
11,Morze Bałtyckie,GDAŃSK-PORT PÓŁNOCNY,pomorskie,18.3,2026-07-15
12,Morze Bałtyckie,NOWY ŚWIAT - UJŚCIE,pomorskie,18.2,2026-07-15
13,Zalew Wiślany,NOWY ŚWIAT - ZALEW,pomorskie,17.7,2026-07-15
14,Zalew Wiślany,KRYNICA MORSKA,pomorskie,18.6,2026-07-15
15,Zalew Wiślany,OSŁONKA,pomorskie,brak danych,2026-07-15
16,Elbląg,NOWAKOWO,warmińsko-mazurskie,brak danych,2026-07-15
17,Zalew Wiślany,TOLKMICKO,warmińsko-mazurskie,18.9,2026-07-15
18,Zalew Wiślany,NOWA PASŁĘKA,warmińsko-mazurskie,19.0,2026-07-15
19,Cieśnina Dziwna,WOLIN,zachodniopomorskie,21.9,2026-07-15
20,Jez. Morzycko,PRZYJEZIERZE,zachodniopomorskie,21.8,2026-07-15
21,Jez. Ińsko,IŃSKO,zachodniopomorskie,20.2,2026-07-15
22,Jez. Lubie,LUBIESZEWO,zachodniopomorskie,19.8,2026-07-15
23,Jez. Ostrowite,WYSPA POKRZYWKA,zachodniopomorskie,22.0,2026-07-15
24,Jez. Jamno,UNIEŚCIE,zachodniopomorskie,21.8,2026-07-15
25,Jez. Komorze,SIKORY,zachodniopomorskie,21.2,2026-07-15
26,Jez. Drawsko,CZAPLINEK,zachodniopomorskie,19.9,2026-07-15
27,Jez. Bytyń Wielki,NAKIELNO,zachodniopomorskie,19.9,2026-07-15
28,Jez. Gardno,GARDNA WIELKA,pomorskie,20.3,2026-07-15
29,Jez. Łebsko,IZBICA,pomorskie,16.8,2026-07-15
30,Jez. Jasień Pd.,JASIEŃ,pomorskie,19.6,2026-07-15
31,Jez. Charzykowskie,CHARZYKOWY,pomorskie,19.7,2026-07-15
32,Jez. Wdzydze,JEZIORNA,pomorskie,brak danych,2026-07-15
33,Jez. Raduńskie Górne,BORUCINO,pomorskie,17.9,2026-07-15
34,Jez. Ostrzyckie,OSTRZYCE,pomorskie,18.8,2026-07-15
35,Jez. Dzierzgoń,PRABUTY,pomorskie,18.9,2026-07-15
36,Jez. Żabie,ŁUGI,lubuskie,20.7,2026-07-15
37,Jez. Niesłysz,PRZEŁAZY,lubuskie,22.0,2026-07-15
38,Jez. Sławskie,RADZYŃ,lubuskie,21.9,2026-07-15
39,Jez. Sławianowskie,BUNTOWO,wielkopolskie,21.9,2026-07-15
40,Jez. Powidzkie,POWIDZ,wielkopolskie,21.0,2026-07-15
41,Jez. Sępoleńskie,SĘPÓLNO KRAJEŃSKIE,kujawsko-pomorskie,22.0,2026-07-15
42,Jez. Gopło,KRUSZWICA,kujawsko-pomorskie,20.8,2026-07-15
43,Jez. Bachotek,BACHOTEK,kujawsko-pomorskie,19.2,2026-07-15
44,Jez. Druzno,ŻUKOWO,warmińsko-mazurskie,17.9,2026-07-15
45,Jez. Jeziorak,IŁAWA,warmińsko-mazurskie,19.5,2026-07-15
46,Jez. Dadaj,DADAJ,warmińsko-mazurskie,19.3,2026-07-15
47,Jez. Nidzkie,RUCIANE-NIDA,warmińsko-mazurskie,20.6,2026-07-15
48,Jez. Mikołajskie,MIKOŁAJKI,warmińsko-mazurskie,18.6,2026-07-15
49,Jez. Śniardwy,GŁODOWO,warmińsko-mazurskie,21.5,2026-07-15
50,Jez. Roś,MALDANIN,warmińsko-mazurskie,20.8,2026-07-15
51,Jez. Mamry,PRZYSTAŃ,warmińsko-mazurskie,18.9,2026-07-15
52,Jez. Litygajno,BORKI,warmińsko-mazurskie,19.1,2026-07-15
53,Jez. Ełckie,EŁK,warmińsko-mazurskie,19.4,2026-07-15
54,Jez. Selmęt Wielki,SORDACHY,warmińsko-mazurskie,19.4,2026-07-15
55,Jez. Białe Augustowskie,PRZEWIĘŹ,podlaskie,20.9,2026-07-15
56,Jez. Rospuda Filipowska,WÓLKA,podlaskie,19.3,2026-07-15
57,Jez. Hańcza,WRÓBEL,podlaskie,20.3,2026-07-15
58,Jez. Rajgrodzkie,RAJGRÓD,podlaskie,20.6,2026-07-15
59,Jez. Wigry,WIGRY,podlaskie,20.6,2026-07-15
60,Jez. Studzieniczne,PRZEWIĘŹ,podlaskie,20.0,2026-07-15
61,Jez. Morskie Oko,MORSKIE OKO,małopolskie,11.4,2026-07-15
1,Morze Bałtyckie,ŚWINOUJŚCIE,zachodniopomorskie,20.8,2026-07-16
2,Morze Bałtyckie,KOŁOBRZEG,zachodniopomorskie,17.4,2026-07-16
3,Morze Bałtyckie,DARŁOWO,zachodniopomorskie,17.9,2026-07-16
4,Morze Bałtyckie,USTKA,pomorskie,18.1,2026-07-16
5,Morze Bałtyckie,ŁEBA,pomorskie,19.1,2026-07-16
6,Morze Bałtyckie,DĘBKI,pomorskie,18.5,2026-07-16
7,Morze Bałtyckie,WŁADYSŁAWOWO,pomorskie,18.7,2026-07-16
8,Morze Bałtyckie,HEL,pomorskie,17.8,2026-07-16
9,Morze Bałtyckie,PUCK,pomorskie,19.1,2026-07-16
10,Morze Bałtyckie,GDYNIA,pomorskie,17.9,2026-07-16
11,Morze Bałtyckie,GDAŃSK-PORT PÓŁNOCNY,pomorskie,18.4,2026-07-16
12,Morze Bałtyckie,NOWY ŚWIAT - UJŚCIE,pomorskie,18.0,2026-07-16
13,Zalew Wiślany,NOWY ŚWIAT - ZALEW,pomorskie,17.9,2026-07-16
14,Zalew Wiślany,KRYNICA MORSKA,pomorskie,19.2,2026-07-16
15,Zalew Wiślany,OSŁONKA,pomorskie,brak danych,2026-07-16
16,Elbląg,NOWAKOWO,warmińsko-mazurskie,brak danych,2026-07-16
17,Zalew Wiślany,TOLKMICKO,warmińsko-mazurskie,19.8,2026-07-16
18,Zalew Wiślany,NOWA PASŁĘKA,warmińsko-mazurskie,19.9,2026-07-16
19,Cieśnina Dziwna,WOLIN,zachodniopomorskie,22.3,2026-07-16
20,Jez. Morzycko,PRZYJEZIERZE,zachodniopomorskie,21.8,2026-07-16
21,Jez. Ińsko,IŃSKO,zachodniopomorskie,21.0,2026-07-16
22,Jez. Lubie,LUBIESZEWO,zachodniopomorskie,brak danych,2026-07-16
23,Jez. Ostrowite,WYSPA POKRZYWKA,zachodniopomorskie,22.0,2026-07-16
24,Jez. Jamno,UNIEŚCIE,zachodniopomorskie,22.0,2026-07-16
25,Jez. Komorze,SIKORY,zachodniopomorskie,brak danych,2026-07-16
26,Jez. Drawsko,CZAPLINEK,zachodniopomorskie,20.7,2026-07-16
27,Jez. Bytyń Wielki,NAKIELNO,zachodniopomorskie,brak danych,2026-07-16
28,Jez. Gardno,GARDNA WIELKA,pomorskie,20.7,2026-07-16
29,Jez. Łebsko,IZBICA,pomorskie,17.3,2026-07-16
30,Jez. Jasień Pd.,JASIEŃ,pomorskie,20.0,2026-07-16
31,Jez. Charzykowskie,CHARZYKOWY,pomorskie,20.5,2026-07-16
32,Jez. Wdzydze,JEZIORNA,pomorskie,20.1,2026-07-16
33,Jez. Raduńskie Górne,BORUCINO,pomorskie,18.0,2026-07-16
34,Jez. Ostrzyckie,OSTRZYCE,pomorskie,18.8,2026-07-16
35,Jez. Dzierzgoń,PRABUTY,pomorskie,20.2,2026-07-16
36,Jez. Żabie,ŁUGI,lubuskie,20.9,2026-07-16
37,Jez. Niesłysz,PRZEŁAZY,lubuskie,22.0,2026-07-16
38,Jez. Sławskie,RADZYŃ,lubuskie,21.7,2026-07-16
39,Jez. Sławianowskie,BUNTOWO,wielkopolskie,brak danych,2026-07-16
40,Jez. Powidzkie,POWIDZ,wielkopolskie,20.7,2026-07-16
41,Jez. Sępoleńskie,SĘPÓLNO KRAJEŃSKIE,kujawsko-pomorskie,22.3,2026-07-16
42,Jez. Gopło,KRUSZWICA,kujawsko-pomorskie,21.7,2026-07-16
43,Jez. Bachotek,BACHOTEK,kujawsko-pomorskie,20.0,2026-07-16
44,Jez. Druzno,ŻUKOWO,warmińsko-mazurskie,18.1,2026-07-16
45,Jez. Jeziorak,IŁAWA,warmińsko-mazurskie,20.8,2026-07-16
46,Jez. Dadaj,DADAJ,warmińsko-mazurskie,19.6,2026-07-16
47,Jez. Nidzkie,RUCIANE-NIDA,warmińsko-mazurskie,20.2,2026-07-16
48,Jez. Mikołajskie,MIKOŁAJKI,warmińsko-mazurskie,19.0,2026-07-16
49,Jez. Śniardwy,GŁODOWO,warmińsko-mazurskie,22.3,2026-07-16
50,Jez. Roś,MALDANIN,warmińsko-mazurskie,21.4,2026-07-16
51,Jez. Mamry,PRZYSTAŃ,warmińsko-mazurskie,19.1,2026-07-16
52,Jez. Litygajno,BORKI,warmińsko-mazurskie,20.0,2026-07-16
53,Jez. Ełckie,EŁK,warmińsko-mazurskie,20.1,2026-07-16
54,Jez. Selmęt Wielki,SORDACHY,warmińsko-mazurskie,20.0,2026-07-16
55,Jez. Białe Augustowskie,PRZEWIĘŹ,podlaskie,21.0,2026-07-16
56,Jez. Rospuda Filipowska,WÓLKA,podlaskie,20.0,2026-07-16
57,Jez. Hańcza,WRÓBEL,podlaskie,21.2,2026-07-16
58,Jez. Rajgrodzkie,RAJGRÓD,podlaskie,21.4,2026-07-16
59,Jez. Wigry,WIGRY,podlaskie,21.4,2026-07-16
60,Jez. Studzieniczne,PRZEWIĘŹ,podlaskie,20.6,2026-07-16
61,Jez. Morskie Oko,MORSKIE OKO,małopolskie,11.4,2026-07-16
1,Morze Bałtyckie,ŚWINOUJŚCIE,zachodniopomorskie,20.6,2026-07-18
2,Morze Bałtyckie,KOŁOBRZEG,zachodniopomorskie,15.3,2026-07-18
3,Morze Bałtyckie,DARŁOWO,zachodniopomorskie,17.3,2026-07-18
4,Morze Bałtyckie,USTKA,pomorskie,19.1,2026-07-18
5,Morze Bałtyckie,ŁEBA,pomorskie,21.2,2026-07-18
6,Morze Bałtyckie,DĘBKI,pomorskie,21.7,2026-07-18
7,Morze Bałtyckie,WŁADYSŁAWOWO,pomorskie,19.8,2026-07-18
8,Morze Bałtyckie,HEL,pomorskie,19.2,2026-07-18
9,Morze Bałtyckie,PUCK,pomorskie,20.3,2026-07-18
10,Morze Bałtyckie,GDYNIA,pomorskie,19.6,2026-07-18
11,Morze Bałtyckie,GDAŃSK-PORT PÓŁNOCNY,pomorskie,19.9,2026-07-18
12,Morze Bałtyckie,NOWY ŚWIAT - UJŚCIE,pomorskie,17.6,2026-07-18
13,Zalew Wiślany,NOWY ŚWIAT - ZALEW,pomorskie,20.3,2026-07-18
14,Zalew Wiślany,KRYNICA MORSKA,pomorskie,22.4,2026-07-18
15,Zalew Wiślany,OSŁONKA,pomorskie,brak danych,2026-07-18
16,Elbląg,NOWAKOWO,warmińsko-mazurskie,brak danych,2026-07-18
17,Zalew Wiślany,TOLKMICKO,warmińsko-mazurskie,19.7,2026-07-18
18,Zalew Wiślany,NOWA PASŁĘKA,warmińsko-mazurskie,22.2,2026-07-18
19,Cieśnina Dziwna,WOLIN,zachodniopomorskie,22.5,2026-07-18
20,Jez. Morzycko,PRZYJEZIERZE,zachodniopomorskie,22.6,2026-07-18
21,Jez. Ińsko,IŃSKO,zachodniopomorskie,21.6,2026-07-18
22,Jez. Lubie,LUBIESZEWO,zachodniopomorskie,22.8,2026-07-18
23,Jez. Ostrowite,WYSPA POKRZYWKA,zachodniopomorskie,22.6,2026-07-18
24,Jez. Jamno,UNIEŚCIE,zachodniopomorskie,23.0,2026-07-18
25,Jez. Komorze,SIKORY,zachodniopomorskie,23.2,2026-07-18
26,Jez. Drawsko,CZAPLINEK,zachodniopomorskie,20.3,2026-07-18
27,Jez. Bytyń Wielki,NAKIELNO,zachodniopomorskie,brak danych,2026-07-18
28,Jez. Gardno,GARDNA WIELKA,pomorskie,21.5,2026-07-18
29,Jez. Łebsko,IZBICA,pomorskie,18.5,2026-07-18
30,Jez. Jasień Pd.,JASIEŃ,pomorskie,23.0,2026-07-18
31,Jez. Charzykowskie,CHARZYKOWY,pomorskie,21.9,2026-07-18
32,Jez. Wdzydze,JEZIORNA,pomorskie,23.0,2026-07-18
33,Jez. Raduńskie Górne,BORUCINO,pomorskie,20.5,2026-07-18
34,Jez. Ostrzyckie,OSTRZYCE,pomorskie,21.2,2026-07-18
35,Jez. Dzierzgoń,PRABUTY,pomorskie,20.1,2026-07-18
36,Jez. Żabie,ŁUGI,lubuskie,21.6,2026-07-18
37,Jez. Niesłysz,PRZEŁAZY,lubuskie,23.5,2026-07-18
38,Jez. Sławskie,RADZYŃ,lubuskie,22.2,2026-07-18
39,Jez. Sławianowskie,BUNTOWO,wielkopolskie,23.6,2026-07-18
40,Jez. Powidzkie,POWIDZ,wielkopolskie,brak danych,2026-07-18
41,Jez. Sępoleńskie,SĘPÓLNO KRAJEŃSKIE,kujawsko-pomorskie,22.8,2026-07-18
42,Jez. Gopło,KRUSZWICA,kujawsko-pomorskie,24.1,2026-07-18
43,Jez. Bachotek,BACHOTEK,kujawsko-pomorskie,23.2,2026-07-18
44,Jez. Druzno,ŻUKOWO,warmińsko-mazurskie,18.9,2026-07-18
45,Jez. Jeziorak,IŁAWA,warmińsko-mazurskie,20.6,2026-07-18
46,Jez. Dadaj,DADAJ,warmińsko-mazurskie,22.2,2026-07-18
47,Jez. Nidzkie,RUCIANE-NIDA,warmińsko-mazurskie,22.8,2026-07-18
48,Jez. Mikołajskie,MIKOŁAJKI,warmińsko-mazurskie,20.0,2026-07-18
49,Jez. Śniardwy,GŁODOWO,warmińsko-mazurskie,23.3,2026-07-18
50,Jez. Roś,MALDANIN,warmińsko-mazurskie,22.1,2026-07-18
51,Jez. Mamry,PRZYSTAŃ,warmińsko-mazurskie,21.5,2026-07-18
52,Jez. Litygajno,BORKI,warmińsko-mazurskie,23.0,2026-07-18
53,Jez. Ełckie,EŁK,warmińsko-mazurskie,21.2,2026-07-18
54,Jez. Selmęt Wielki,SORDACHY,warmińsko-mazurskie,21.8,2026-07-18
55,Jez. Białe Augustowskie,PRZEWIĘŹ,podlaskie,22.0,2026-07-18
56,Jez. Rospuda Filipowska,WÓLKA,podlaskie,19.6,2026-07-18
57,Jez. Hańcza,WRÓBEL,podlaskie,21.4,2026-07-18
58,Jez. Rajgrodzkie,RAJGRÓD,podlaskie,20.3,2026-07-18
59,Jez. Wigry,WIGRY,podlaskie,23.4,2026-07-18
60,Jez. Studzieniczne,PRZEWIĘŹ,podlaskie,23.5,2026-07-18
61,Jez. Morskie Oko,MORSKIE OKO,małopolskie,12.6,2026-07-18
1,Morze Bałtyckie,ŚWINOUJŚCIE,zachodniopomorskie,20.5,2026-07-19
2,Morze Bałtyckie,KOŁOBRZEG,zachodniopomorskie,19.1,2026-07-19
3,Morze Bałtyckie,DARŁOWO,zachodniopomorskie,17.9,2026-07-19
4,Morze Bałtyckie,USTKA,pomorskie,18.6,2026-07-19
5,Morze Bałtyckie,ŁEBA,pomorskie,16.8,2026-07-19
6,Morze Bałtyckie,DĘBKI,pomorskie,19.7,2026-07-19
7,Morze Bałtyckie,WŁADYSŁAWOWO,pomorskie,18.2,2026-07-19
8,Morze Bałtyckie,HEL,pomorskie,19.3,2026-07-19
9,Morze Bałtyckie,PUCK,pomorskie,20.5,2026-07-19
10,Morze Bałtyckie,GDYNIA,pomorskie,18.6,2026-07-19
11,Morze Bałtyckie,GDAŃSK-PORT PÓŁNOCNY,pomorskie,18.6,2026-07-19
12,Morze Bałtyckie,NOWY ŚWIAT - UJŚCIE,pomorskie,18.1,2026-07-19
13,Zalew Wiślany,NOWY ŚWIAT - ZALEW,pomorskie,20.1,2026-07-19
14,Zalew Wiślany,KRYNICA MORSKA,pomorskie,21.1,2026-07-19
15,Zalew Wiślany,OSŁONKA,pomorskie,brak danych,2026-07-19
16,Elbląg,NOWAKOWO,warmińsko-mazurskie,brak danych,2026-07-19
17,Zalew Wiślany,TOLKMICKO,warmińsko-mazurskie,19.5,2026-07-19
18,Zalew Wiślany,NOWA PASŁĘKA,warmińsko-mazurskie,20.7,2026-07-19
19,Cieśnina Dziwna,WOLIN,zachodniopomorskie,21.2,2026-07-19
20,Jez. Morzycko,PRZYJEZIERZE,zachodniopomorskie,22.6,2026-07-19
21,Jez. Ińsko,IŃSKO,zachodniopomorskie,21.4,2026-07-19
22,Jez. Lubie,LUBIESZEWO,zachodniopomorskie,brak danych,2026-07-19
23,Jez. Ostrowite,WYSPA POKRZYWKA,zachodniopomorskie,22.4,2026-07-19
24,Jez. Jamno,UNIEŚCIE,zachodniopomorskie,21.8,2026-07-19
25,Jez. Komorze,SIKORY,zachodniopomorskie,brak danych,2026-07-19
26,Jez. Drawsko,CZAPLINEK,zachodniopomorskie,20.0,2026-07-19
27,Jez. Bytyń Wielki,NAKIELNO,zachodniopomorskie,brak danych,2026-07-19
28,Jez. Gardno,GARDNA WIELKA,pomorskie,20.7,2026-07-19
29,Jez. Łebsko,IZBICA,pomorskie,17.9,2026-07-19
30,Jez. Jasień Pd.,JASIEŃ,pomorskie,21.6,2026-07-19
31,Jez. Charzykowskie,CHARZYKOWY,pomorskie,20.8,2026-07-19
32,Jez. Wdzydze,JEZIORNA,pomorskie,21.5,2026-07-19
33,Jez. Raduńskie Górne,BORUCINO,pomorskie,19.7,2026-07-19
34,Jez. Ostrzyckie,OSTRZYCE,pomorskie,20.4,2026-07-19
35,Jez. Dzierzgoń,PRABUTY,pomorskie,19.4,2026-07-19
36,Jez. Żabie,ŁUGI,lubuskie,21.3,2026-07-19
37,Jez. Niesłysz,PRZEŁAZY,lubuskie,23.0,2026-07-19
38,Jez. Sławskie,RADZYŃ,lubuskie,22.5,2026-07-19
39,Jez. Sławianowskie,BUNTOWO,wielkopolskie,brak danych,2026-07-19
40,Jez. Powidzkie,POWIDZ,wielkopolskie,brak danych,2026-07-19
41,Jez. Sępoleńskie,SĘPÓLNO KRAJEŃSKIE,kujawsko-pomorskie,22.7,2026-07-19
42,Jez. Gopło,KRUSZWICA,kujawsko-pomorskie,23.5,2026-07-19
43,Jez. Bachotek,BACHOTEK,kujawsko-pomorskie,22.1,2026-07-19
44,Jez. Druzno,ŻUKOWO,warmińsko-mazurskie,19.2,2026-07-19
45,Jez. Jeziorak,IŁAWA,warmińsko-mazurskie,20.8,2026-07-19
46,Jez. Dadaj,DADAJ,warmińsko-mazurskie,21.5,2026-07-19
47,Jez. Nidzkie,RUCIANE-NIDA,warmińsko-mazurskie,23.0,2026-07-19
48,Jez. Mikołajskie,MIKOŁAJKI,warmińsko-mazurskie,21.4,2026-07-19
49,Jez. Śniardwy,GŁODOWO,warmińsko-mazurskie,22.6,2026-07-19
50,Jez. Roś,MALDANIN,warmińsko-mazurskie,21.8,2026-07-19
51,Jez. Mamry,PRZYSTAŃ,warmińsko-mazurskie,21.1,2026-07-19
52,Jez. Litygajno,BORKI,warmińsko-mazurskie,22.2,2026-07-19
53,Jez. Ełckie,EŁK,warmińsko-mazurskie,21.5,2026-07-19
54,Jez. Selmęt Wielki,SORDACHY,warmińsko-mazurskie,21.3,2026-07-19
55,Jez. Białe Augustowskie,PRZEWIĘŹ,podlaskie,21.9,2026-07-19
56,Jez. Rospuda Filipowska,WÓLKA,podlaskie,19.5,2026-07-19
57,Jez. Hańcza,WRÓBEL,podlaskie,20.0,2026-07-19
58,Jez. Rajgrodzkie,RAJGRÓD,podlaskie,21.1,2026-07-19
59,Jez. Wigry,WIGRY,podlaskie,23.0,2026-07-19
60,Jez. Studzieniczne,PRZEWIĘŹ,podlaskie,21.8,2026-07-19
61,Jez. Morskie Oko,MORSKIE OKO,małopolskie,13.1,2026-07-19
1,Morze Bałtyckie,ŚWINOUJŚCIE,zachodniopomorskie,19.1,2026-07-20
2,Morze Bałtyckie,KOŁOBRZEG,zachodniopomorskie,18.8,2026-07-20
3,Morze Bałtyckie,DARŁOWO,zachodniopomorskie,18.1,2026-07-20
4,Morze Bałtyckie,USTKA,pomorskie,18.0,2026-07-20
5,Morze Bałtyckie,ŁEBA,pomorskie,17.2,2026-07-20
6,Morze Bałtyckie,DĘBKI,pomorskie,19.5,2026-07-20
7,Morze Bałtyckie,WŁADYSŁAWOWO,pomorskie,17.4,2026-07-20
8,Morze Bałtyckie,HEL,pomorskie,19.3,2026-07-20
9,Morze Bałtyckie,PUCK,pomorskie,20.3,2026-07-20
10,Morze Bałtyckie,GDYNIA,pomorskie,18.5,2026-07-20
11,Morze Bałtyckie,GDAŃSK-PORT PÓŁNOCNY,pomorskie,18.9,2026-07-20
12,Morze Bałtyckie,NOWY ŚWIAT - UJŚCIE,pomorskie,19.2,2026-07-20
13,Zalew Wiślany,NOWY ŚWIAT - ZALEW,pomorskie,19.6,2026-07-20
14,Zalew Wiślany,KRYNICA MORSKA,pomorskie,20.9,2026-07-20
15,Zalew Wiślany,OSŁONKA,pomorskie,brak danych,2026-07-20
16,Elbląg,NOWAKOWO,warmińsko-mazurskie,brak danych,2026-07-20
17,Zalew Wiślany,TOLKMICKO,warmińsko-mazurskie,20.1,2026-07-20
18,Zalew Wiślany,NOWA PASŁĘKA,warmińsko-mazurskie,20.6,2026-07-20
19,Cieśnina Dziwna,WOLIN,zachodniopomorskie,20.3,2026-07-20
20,Jez. Morzycko,PRZYJEZIERZE,zachodniopomorskie,21.4,2026-07-20
21,Jez. Ińsko,IŃSKO,zachodniopomorskie,20.8,2026-07-20
22,Jez. Lubie,LUBIESZEWO,zachodniopomorskie,21.6,2026-07-20
23,Jez. Ostrowite,WYSPA POKRZYWKA,zachodniopomorskie,21.7,2026-07-20
24,Jez. Jamno,UNIEŚCIE,zachodniopomorskie,brak danych,2026-07-20
25,Jez. Komorze,SIKORY,zachodniopomorskie,21.6,2026-07-20
26,Jez. Drawsko,CZAPLINEK,zachodniopomorskie,19.8,2026-07-20
27,Jez. Bytyń Wielki,NAKIELNO,zachodniopomorskie,21.7,2026-07-20
28,Jez. Gardno,GARDNA WIELKA,pomorskie,19.8,2026-07-20
29,Jez. Łebsko,IZBICA,pomorskie,17.7,2026-07-20
30,Jez. Jasień Pd.,JASIEŃ,pomorskie,21.0,2026-07-20
31,Jez. Charzykowskie,CHARZYKOWY,pomorskie,19.9,2026-07-20
32,Jez. Wdzydze,JEZIORNA,pomorskie,20.7,2026-07-20
33,Jez. Raduńskie Górne,BORUCINO,pomorskie,19.2,2026-07-20
34,Jez. Ostrzyckie,OSTRZYCE,pomorskie,20.3,2026-07-20
35,Jez. Dzierzgoń,PRABUTY,pomorskie,18.7,2026-07-20
36,Jez. Żabie,ŁUGI,lubuskie,20.6,2026-07-20
37,Jez. Niesłysz,PRZEŁAZY,lubuskie,22.4,2026-07-20
38,Jez. Sławskie,RADZYŃ,lubuskie,21.7,2026-07-20
39,Jez. Sławianowskie,BUNTOWO,wielkopolskie,21.6,2026-07-20
40,Jez. Powidzkie,POWIDZ,wielkopolskie,brak danych,2026-07-20
41,Jez. Sępoleńskie,SĘPÓLNO KRAJEŃSKIE,kujawsko-pomorskie,22.1,2026-07-20
42,Jez. Gopło,KRUSZWICA,kujawsko-pomorskie,22.7,2026-07-20
43,Jez. Bachotek,BACHOTEK,kujawsko-pomorskie,21.1,2026-07-20
44,Jez. Druzno,ŻUKOWO,warmińsko-mazurskie,19.2,2026-07-20
45,Jez. Jeziorak,IŁAWA,warmińsko-mazurskie,20.6,2026-07-20
46,Jez. Dadaj,DADAJ,warmińsko-mazurskie,21.5,2026-07-20
47,Jez. Nidzkie,RUCIANE-NIDA,warmińsko-mazurskie,22.7,2026-07-20
48,Jez. Mikołajskie,MIKOŁAJKI,warmińsko-mazurskie,20.5,2026-07-20
49,Jez. Śniardwy,GŁODOWO,warmińsko-mazurskie,22.1,2026-07-20
50,Jez. Roś,MALDANIN,warmińsko-mazurskie,22.5,2026-07-20
51,Jez. Mamry,PRZYSTAŃ,warmińsko-mazurskie,20.8,2026-07-20
52,Jez. Litygajno,BORKI,warmińsko-mazurskie,21.0,2026-07-20
53,Jez. Ełckie,EŁK,warmińsko-mazurskie,21.7,2026-07-20
54,Jez. Selmęt Wielki,SORDACHY,warmińsko-mazurskie,20.9,2026-07-20
55,Jez. Białe Augustowskie,PRZEWIĘŹ,podlaskie,21.7,2026-07-20
56,Jez. Rospuda Filipowska,WÓLKA,podlaskie,20.6,2026-07-20
57,Jez. Hańcza,WRÓBEL,podlaskie,21.0,2026-07-20
58,Jez. Rajgrodzkie,RAJGRÓD,podlaskie,22.2,2026-07-20
59,Jez. Wigry,WIGRY,podlaskie,22.6,2026-07-20
60,Jez. Studzieniczne,PRZEWIĘŹ,podlaskie,21.8,2026-07-20
61,Jez. Morskie Oko,MORSKIE OKO,małopolskie,12.7,2026-07-20
1,Morze Bałtyckie,ŚWINOUJŚCIE,zachodniopomorskie,18.5,2026-07-21
2,Morze Bałtyckie,KOŁOBRZEG,zachodniopomorskie,17.9,2026-07-21
3,Morze Bałtyckie,DARŁOWO,zachodniopomorskie,17.6,2026-07-21
4,Morze Bałtyckie,USTKA,pomorskie,17.3,2026-07-21
5,Morze Bałtyckie,ŁEBA,pomorskie,17.2,2026-07-21
6,Morze Bałtyckie,DĘBKI,pomorskie,17.1,2026-07-21
7,Morze Bałtyckie,WŁADYSŁAWOWO,pomorskie,17.2,2026-07-21
8,Morze Bałtyckie,HEL,pomorskie,18.5,2026-07-21
9,Morze Bałtyckie,PUCK,pomorskie,19.5,2026-07-21
10,Morze Bałtyckie,GDYNIA,pomorskie,17.8,2026-07-21
11,Morze Bałtyckie,GDAŃSK-PORT PÓŁNOCNY,pomorskie,18.8,2026-07-21
12,Morze Bałtyckie,NOWY ŚWIAT - UJŚCIE,pomorskie,19.1,2026-07-21
13,Zalew Wiślany,NOWY ŚWIAT - ZALEW,pomorskie,19.3,2026-07-21
14,Zalew Wiślany,KRYNICA MORSKA,pomorskie,20.1,2026-07-21
15,Zalew Wiślany,OSŁONKA,pomorskie,brak danych,2026-07-21
16,Elbląg,NOWAKOWO,warmińsko-mazurskie,brak danych,2026-07-21
17,Zalew Wiślany,TOLKMICKO,warmińsko-mazurskie,19.7,2026-07-21
18,Zalew Wiślany,NOWA PASŁĘKA,warmińsko-mazurskie,19.3,2026-07-21
19,Cieśnina Dziwna,WOLIN,zachodniopomorskie,19.9,2026-07-21
20,Jez. Morzycko,PRZYJEZIERZE,zachodniopomorskie,20.8,2026-07-21
21,Jez. Ińsko,IŃSKO,zachodniopomorskie,20.8,2026-07-21
22,Jez. Lubie,LUBIESZEWO,zachodniopomorskie,21.6,2026-07-21
23,Jez. Ostrowite,WYSPA POKRZYWKA,zachodniopomorskie,21.0,2026-07-21
24,Jez. Jamno,UNIEŚCIE,zachodniopomorskie,19.2,2026-07-21
25,Jez. Komorze,SIKORY,zachodniopomorskie,20.9,2026-07-21
26,Jez. Drawsko,CZAPLINEK,zachodniopomorskie,18.7,2026-07-21
27,Jez. Bytyń Wielki,NAKIELNO,zachodniopomorskie,21.5,2026-07-21
28,Jez. Gardno,GARDNA WIELKA,pomorskie,18.2,2026-07-21
29,Jez. Łebsko,IZBICA,pomorskie,17.2,2026-07-21
30,Jez. Jasień Pd.,JASIEŃ,pomorskie,20.4,2026-07-21
31,Jez. Charzykowskie,CHARZYKOWY,pomorskie,18.0,2026-07-21
32,Jez. Wdzydze,JEZIORNA,pomorskie,20.3,2026-07-21
33,Jez. Raduńskie Górne,BORUCINO,pomorskie,19.5,2026-07-21
34,Jez. Ostrzyckie,OSTRZYCE,pomorskie,19.9,2026-07-21
35,Jez. Dzierzgoń,PRABUTY,pomorskie,18.2,2026-07-21
36,Jez. Żabie,ŁUGI,lubuskie,19.7,2026-07-21
37,Jez. Niesłysz,PRZEŁAZY,lubuskie,22.0,2026-07-21
38,Jez. Sławskie,RADZYŃ,lubuskie,21.1,2026-07-21
39,Jez. Sławianowskie,BUNTOWO,wielkopolskie,19.8,2026-07-21
40,Jez. Powidzkie,POWIDZ,wielkopolskie,20.0,2026-07-21
41,Jez. Sępoleńskie,SĘPÓLNO KRAJEŃSKIE,kujawsko-pomorskie,21.3,2026-07-21
42,Jez. Gopło,KRUSZWICA,kujawsko-pomorskie,21.8,2026-07-21
43,Jez. Bachotek,BACHOTEK,kujawsko-pomorskie,20.9,2026-07-21
44,Jez. Druzno,ŻUKOWO,warmińsko-mazurskie,19.2,2026-07-21
45,Jez. Jeziorak,IŁAWA,warmińsko-mazurskie,19.6,2026-07-21
46,Jez. Dadaj,DADAJ,warmińsko-mazurskie,21.3,2026-07-21
47,Jez. Nidzkie,RUCIANE-NIDA,warmińsko-mazurskie,22.3,2026-07-21
48,Jez. Mikołajskie,MIKOŁAJKI,warmińsko-mazurskie,20.5,2026-07-21
49,Jez. Śniardwy,GŁODOWO,warmińsko-mazurskie,21.2,2026-07-21
50,Jez. Roś,MALDANIN,warmińsko-mazurskie,21.8,2026-07-21
51,Jez. Mamry,PRZYSTAŃ,warmińsko-mazurskie,19.9,2026-07-21
52,Jez. Litygajno,BORKI,warmińsko-mazurskie,20.8,2026-07-21
53,Jez. Ełckie,EŁK,warmińsko-mazurskie,20.9,2026-07-21
54,Jez. Selmęt Wielki,SORDACHY,warmińsko-mazurskie,20.4,2026-07-21
55,Jez. Białe Augustowskie,PRZEWIĘŹ,podlaskie,21.7,2026-07-21
56,Jez. Rospuda Filipowska,WÓLKA,podlaskie,19.8,2026-07-21
57,Jez. Hańcza,WRÓBEL,podlaskie,20.1,2026-07-21
58,Jez. Rajgrodzkie,RAJGRÓD,podlaskie,21.3,2026-07-21
59,Jez. Wigry,WIGRY,podlaskie,21.5,2026-07-21
60,Jez. Studzieniczne,PRZEWIĘŹ,podlaskie,20.7,2026-07-21
61,Jez. Morskie Oko,MORSKIE OKO,małopolskie,12.6,2026-07-21
1,Morze Bałtyckie,ŚWINOUJŚCIE,zachodniopomorskie,19.5,2026-07-22
2,Morze Bałtyckie,KOŁOBRZEG,zachodniopomorskie,18.0,2026-07-22
3,Morze Bałtyckie,DARŁOWO,zachodniopomorskie,17.7,2026-07-22
4,Morze Bałtyckie,USTKA,pomorskie,17.0,2026-07-22
5,Morze Bałtyckie,ŁEBA,pomorskie,17.2,2026-07-22
6,Morze Bałtyckie,DĘBKI,pomorskie,17.3,2026-07-22
7,Morze Bałtyckie,WŁADYSŁAWOWO,pomorskie,17.0,2026-07-22
8,Morze Bałtyckie,HEL,pomorskie,17.1,2026-07-22
9,Morze Bałtyckie,PUCK,pomorskie,18.5,2026-07-22
10,Morze Bałtyckie,GDYNIA,pomorskie,17.8,2026-07-22
11,Morze Bałtyckie,GDAŃSK-PORT PÓŁNOCNY,pomorskie,18.5,2026-07-22
12,Morze Bałtyckie,NOWY ŚWIAT - UJŚCIE,pomorskie,18.5,2026-07-22
13,Zalew Wiślany,NOWY ŚWIAT - ZALEW,pomorskie,18.4,2026-07-22
14,Zalew Wiślany,KRYNICA MORSKA,pomorskie,18.3,2026-07-22
15,Zalew Wiślany,OSŁONKA,pomorskie,brak danych,2026-07-22
16,Elbląg,NOWAKOWO,warmińsko-mazurskie,brak danych,2026-07-22
17,Zalew Wiślany,TOLKMICKO,warmińsko-mazurskie,17.1,2026-07-22
18,Zalew Wiślany,NOWA PASŁĘKA,warmińsko-mazurskie,18.2,2026-07-22
19,Cieśnina Dziwna,WOLIN,zachodniopomorskie,19.4,2026-07-22
20,Jez. Morzycko,PRZYJEZIERZE,zachodniopomorskie,20.8,2026-07-22
21,Jez. Ińsko,IŃSKO,zachodniopomorskie,20.0,2026-07-22
22,Jez. Lubie,LUBIESZEWO,zachodniopomorskie,19.0,2026-07-22
23,Jez. Ostrowite,WYSPA POKRZYWKA,zachodniopomorskie,20.7,2026-07-22
24,Jez. Jamno,UNIEŚCIE,zachodniopomorskie,19.2,2026-07-22
25,Jez. Komorze,SIKORY,zachodniopomorskie,20.3,2026-07-22
26,Jez. Drawsko,CZAPLINEK,zachodniopomorskie,19.0,2026-07-22
27,Jez. Bytyń Wielki,NAKIELNO,zachodniopomorskie,21.7,2026-07-22
28,Jez. Gardno,GARDNA WIELKA,pomorskie,18.0,2026-07-22
29,Jez. Łebsko,IZBICA,pomorskie,16.8,2026-07-22
30,Jez. Jasień Pd.,JASIEŃ,pomorskie,brak danych,2026-07-22
31,Jez. Charzykowskie,CHARZYKOWY,pomorskie,18.9,2026-07-22
32,Jez. Wdzydze,JEZIORNA,pomorskie,19.9,2026-07-22
33,Jez. Raduńskie Górne,BORUCINO,pomorskie,18.5,2026-07-22
34,Jez. Ostrzyckie,OSTRZYCE,pomorskie,19.0,2026-07-22
35,Jez. Dzierzgoń,PRABUTY,pomorskie,17.8,2026-07-22
36,Jez. Żabie,ŁUGI,lubuskie,19.8,2026-07-22
37,Jez. Niesłysz,PRZEŁAZY,lubuskie,21.6,2026-07-22
38,Jez. Sławskie,RADZYŃ,lubuskie,20.7,2026-07-22
39,Jez. Sławianowskie,BUNTOWO,wielkopolskie,19.4,2026-07-22
40,Jez. Powidzkie,POWIDZ,wielkopolskie,19.0,2026-07-22
41,Jez. Sępoleńskie,SĘPÓLNO KRAJEŃSKIE,kujawsko-pomorskie,20.6,2026-07-22
42,Jez. Gopło,KRUSZWICA,kujawsko-pomorskie,20.6,2026-07-22
43,Jez. Bachotek,BACHOTEK,kujawsko-pomorskie,19.6,2026-07-22
44,Jez. Druzno,ŻUKOWO,warmińsko-mazurskie,18.9,2026-07-22
45,Jez. Jeziorak,IŁAWA,warmińsko-mazurskie,18.9,2026-07-22
46,Jez. Dadaj,DADAJ,warmińsko-mazurskie,20.0,2026-07-22
47,Jez. Nidzkie,RUCIANE-NIDA,warmińsko-mazurskie,21.5,2026-07-22
48,Jez. Mikołajskie,MIKOŁAJKI,warmińsko-mazurskie,19.1,2026-07-22
49,Jez. Śniardwy,GŁODOWO,warmińsko-mazurskie,19.0,2026-07-22
50,Jez. Roś,MALDANIN,warmińsko-mazurskie,20.2,2026-07-22
51,Jez. Mamry,PRZYSTAŃ,warmińsko-mazurskie,18.7,2026-07-22
52,Jez. Litygajno,BORKI,warmińsko-mazurskie,19.1,2026-07-22
53,Jez. Ełckie,EŁK,warmińsko-mazurskie,19.8,2026-07-22
54,Jez. Selmęt Wielki,SORDACHY,warmińsko-mazurskie,19.2,2026-07-22
55,Jez. Białe Augustowskie,PRZEWIĘŹ,podlaskie,20.4,2026-07-22
56,Jez. Rospuda Filipowska,WÓLKA,podlaskie,18.9,2026-07-22
57,Jez. Hańcza,WRÓBEL,podlaskie,19.9,2026-07-22
58,Jez. Rajgrodzkie,RAJGRÓD,podlaskie,20.4,2026-07-22
59,Jez. Wigry,WIGRY,podlaskie,20.5,2026-07-22
60,Jez. Studzieniczne,PRZEWIĘŹ,podlaskie,19.6,2026-07-22
61,Jez. Morskie Oko,MORSKIE OKO,małopolskie,12.4,2026-07-22
1,Morze Bałtyckie,ŚWINOUJŚCIE,zachodniopomorskie,18.8,2026-07-23
2,Morze Bałtyckie,KOŁOBRZEG,zachodniopomorskie,17.8,2026-07-23
3,Morze Bałtyckie,DARŁOWO,zachodniopomorskie,17.9,2026-07-23
4,Morze Bałtyckie,USTKA,pomorskie,17.2,2026-07-23
5,Morze Bałtyckie,ŁEBA,pomorskie,17.4,2026-07-23
6,Morze Bałtyckie,DĘBKI,pomorskie,17.6,2026-07-23
7,Morze Bałtyckie,WŁADYSŁAWOWO,pomorskie,17.2,2026-07-23
8,Morze Bałtyckie,HEL,pomorskie,17.1,2026-07-23
9,Morze Bałtyckie,PUCK,pomorskie,18.5,2026-07-23
10,Morze Bałtyckie,GDYNIA,pomorskie,17.9,2026-07-23
11,Morze Bałtyckie,GDAŃSK-PORT PÓŁNOCNY,pomorskie,18.5,2026-07-23
12,Morze Bałtyckie,NOWY ŚWIAT - UJŚCIE,pomorskie,18.5,2026-07-23
13,Zalew Wiślany,NOWY ŚWIAT - ZALEW,pomorskie,17.8,2026-07-23
14,Zalew Wiślany,KRYNICA MORSKA,pomorskie,18.0,2026-07-23
15,Zalew Wiślany,OSŁONKA,pomorskie,brak danych,2026-07-23
16,Elbląg,NOWAKOWO,warmińsko-mazurskie,brak danych,2026-07-23
17,Zalew Wiślany,TOLKMICKO,warmińsko-mazurskie,17.5,2026-07-23
18,Zalew Wiślany,NOWA PASŁĘKA,warmińsko-mazurskie,18.5,2026-07-23
19,Cieśnina Dziwna,WOLIN,zachodniopomorskie,18.7,2026-07-23
20,Jez. Morzycko,PRZYJEZIERZE,zachodniopomorskie,20.1,2026-07-23
21,Jez. Ińsko,IŃSKO,zachodniopomorskie,19.2,2026-07-23
22,Jez. Lubie,LUBIESZEWO,zachodniopomorskie,17.9,2026-07-23
23,Jez. Ostrowite,WYSPA POKRZYWKA,zachodniopomorskie,20.2,2026-07-23
24,Jez. Jamno,UNIEŚCIE,zachodniopomorskie,19.6,2026-07-23
25,Jez. Komorze,SIKORY,zachodniopomorskie,20.2,2026-07-23
26,Jez. Drawsko,CZAPLINEK,zachodniopomorskie,18.2,2026-07-23
27,Jez. Bytyń Wielki,NAKIELNO,zachodniopomorskie,21.9,2026-07-23
28,Jez. Gardno,GARDNA WIELKA,pomorskie,18.2,2026-07-23
29,Jez. Łebsko,IZBICA,pomorskie,16.8,2026-07-23
30,Jez. Jasień Pd.,JASIEŃ,pomorskie,19.8,2026-07-23
31,Jez. Charzykowskie,CHARZYKOWY,pomorskie,18.8,2026-07-23
32,Jez. Wdzydze,JEZIORNA,pomorskie,20.0,2026-07-23
33,Jez. Raduńskie Górne,BORUCINO,pomorskie,18.8,2026-07-23
34,Jez. Ostrzyckie,OSTRZYCE,pomorskie,19.2,2026-07-23
35,Jez. Dzierzgoń,PRABUTY,pomorskie,18.2,2026-07-23
36,Jez. Żabie,ŁUGI,lubuskie,19.2,2026-07-23
37,Jez. Niesłysz,PRZEŁAZY,lubuskie,21.1,2026-07-23
38,Jez. Sławskie,RADZYŃ,lubuskie,20.3,2026-07-23
39,Jez. Sławianowskie,BUNTOWO,wielkopolskie,19.5,2026-07-23
40,Jez. Powidzkie,POWIDZ,wielkopolskie,19.3,2026-07-23
41,Jez. Sępoleńskie,SĘPÓLNO KRAJEŃSKIE,kujawsko-pomorskie,20.2,2026-07-23
42,Jez. Gopło,KRUSZWICA,kujawsko-pomorskie,20.8,2026-07-23
43,Jez. Bachotek,BACHOTEK,kujawsko-pomorskie,19.5,2026-07-23
44,Jez. Druzno,ŻUKOWO,warmińsko-mazurskie,18.4,2026-07-23
45,Jez. Jeziorak,IŁAWA,warmińsko-mazurskie,18.7,2026-07-23
46,Jez. Dadaj,DADAJ,warmińsko-mazurskie,20.3,2026-07-23
47,Jez. Nidzkie,RUCIANE-NIDA,warmińsko-mazurskie,21.4,2026-07-23
48,Jez. Mikołajskie,MIKOŁAJKI,warmińsko-mazurskie,19.7,2026-07-23
49,Jez. Śniardwy,GŁODOWO,warmińsko-mazurskie,20.1,2026-07-23
50,Jez. Roś,MALDANIN,warmińsko-mazurskie,21.0,2026-07-23
51,Jez. Mamry,PRZYSTAŃ,warmińsko-mazurskie,18.7,2026-07-23
52,Jez. Litygajno,BORKI,warmińsko-mazurskie,19.8,2026-07-23
53,Jez. Ełckie,EŁK,warmińsko-mazurskie,20.0,2026-07-23
54,Jez. Selmęt Wielki,SORDACHY,warmińsko-mazurskie,19.4,2026-07-23
55,Jez. Białe Augustowskie,PRZEWIĘŹ,podlaskie,20.9,2026-07-23
56,Jez. Rospuda Filipowska,WÓLKA,podlaskie,19.1,2026-07-23
57,Jez. Hańcza,WRÓBEL,podlaskie,19.7,2026-07-23
58,Jez. Rajgrodzkie,RAJGRÓD,podlaskie,20.1,2026-07-23
59,Jez. Wigry,WIGRY,podlaskie,20.5,2026-07-23
60,Jez. Studzieniczne,PRZEWIĘŹ,podlaskie,19.8,2026-07-23
61,Jez. Morskie Oko,MORSKIE OKO,małopolskie,12.0,2026-07-23
1,Morze Bałtyckie,ŚWINOUJŚCIE,zachodniopomorskie,18.9,2026-07-24
2,Morze Bałtyckie,KOŁOBRZEG,zachodniopomorskie,17.2,2026-07-24
3,Morze Bałtyckie,DARŁOWO,zachodniopomorskie,17.8,2026-07-24
4,Morze Bałtyckie,USTKA,pomorskie,16.9,2026-07-24
5,Morze Bałtyckie,ŁEBA,pomorskie,17.5,2026-07-24
6,Morze Bałtyckie,DĘBKI,pomorskie,17.8,2026-07-24
7,Morze Bałtyckie,WŁADYSŁAWOWO,pomorskie,17.5,2026-07-24
8,Morze Bałtyckie,HEL,pomorskie,17.2,2026-07-24
9,Morze Bałtyckie,PUCK,pomorskie,18.4,2026-07-24
10,Morze Bałtyckie,GDYNIA,pomorskie,17.9,2026-07-24
11,Morze Bałtyckie,GDAŃSK-PORT PÓŁNOCNY,pomorskie,18.5,2026-07-24
12,Morze Bałtyckie,NOWY ŚWIAT - UJŚCIE,pomorskie,18.9,2026-07-24
13,Zalew Wiślany,NOWY ŚWIAT - ZALEW,pomorskie,18.3,2026-07-24
14,Zalew Wiślany,KRYNICA MORSKA,pomorskie,18.4,2026-07-24
15,Zalew Wiślany,OSŁONKA,pomorskie,brak danych,2026-07-24
16,Elbląg,NOWAKOWO,warmińsko-mazurskie,brak danych,2026-07-24
17,Zalew Wiślany,TOLKMICKO,warmińsko-mazurskie,18.0,2026-07-24
18,Zalew Wiślany,NOWA PASŁĘKA,warmińsko-mazurskie,18.1,2026-07-24
19,Cieśnina Dziwna,WOLIN,zachodniopomorskie,19.1,2026-07-24
20,Jez. Morzycko,PRZYJEZIERZE,zachodniopomorskie,19.9,2026-07-24
21,Jez. Ińsko,IŃSKO,zachodniopomorskie,19.4,2026-07-24
22,Jez. Lubie,LUBIESZEWO,zachodniopomorskie,18.7,2026-07-24
23,Jez. Ostrowite,WYSPA POKRZYWKA,zachodniopomorskie,20.0,2026-07-24
24,Jez. Jamno,UNIEŚCIE,zachodniopomorskie,18.8,2026-07-24
25,Jez. Komorze,SIKORY,zachodniopomorskie,19.9,2026-07-24
26,Jez. Drawsko,CZAPLINEK,zachodniopomorskie,18.3,2026-07-24
27,Jez. Bytyń Wielki,NAKIELNO,zachodniopomorskie,20.1,2026-07-24
28,Jez. Gardno,GARDNA WIELKA,pomorskie,17.8,2026-07-24
29,Jez. Łebsko,IZBICA,pomorskie,16.8,2026-07-24
30,Jez. Jasień Pd.,JASIEŃ,pomorskie,brak danych,2026-07-24
31,Jez. Charzykowskie,CHARZYKOWY,pomorskie,17.9,2026-07-24
32,Jez. Wdzydze,JEZIORNA,pomorskie,19.4,2026-07-24
33,Jez. Raduńskie Górne,BORUCINO,pomorskie,18.5,2026-07-24
34,Jez. Ostrzyckie,OSTRZYCE,pomorskie,18.8,2026-07-24
35,Jez. Dzierzgoń,PRABUTY,pomorskie,18.5,2026-07-24
36,Jez. Żabie,ŁUGI,lubuskie,19.3,2026-07-24
37,Jez. Niesłysz,PRZEŁAZY,lubuskie,21.1,2026-07-24
38,Jez. Sławskie,RADZYŃ,lubuskie,20.0,2026-07-24
39,Jez. Sławianowskie,BUNTOWO,wielkopolskie,19.0,2026-07-24
40,Jez. Powidzkie,POWIDZ,wielkopolskie,19.0,2026-07-24
41,Jez. Sępoleńskie,SĘPÓLNO KRAJEŃSKIE,kujawsko-pomorskie,19.8,2026-07-24
42,Jez. Gopło,KRUSZWICA,kujawsko-pomorskie,20.2,2026-07-24
43,Jez. Bachotek,BACHOTEK,kujawsko-pomorskie,19.6,2026-07-24
44,Jez. Druzno,ŻUKOWO,warmińsko-mazurskie,18.2,2026-07-24
45,Jez. Jeziorak,IŁAWA,warmińsko-mazurskie,19.1,2026-07-24
46,Jez. Dadaj,DADAJ,warmińsko-mazurskie,20.2,2026-07-24
47,Jez. Nidzkie,RUCIANE-NIDA,warmińsko-mazurskie,21.0,2026-07-24
48,Jez. Mikołajskie,MIKOŁAJKI,warmińsko-mazurskie,19.6,2026-07-24
49,Jez. Śniardwy,GŁODOWO,warmińsko-mazurskie,19.5,2026-07-24
50,Jez. Roś,MALDANIN,warmińsko-mazurskie,20.7,2026-07-24
51,Jez. Mamry,PRZYSTAŃ,warmińsko-mazurskie,18.5,2026-07-24
52,Jez. Litygajno,BORKI,warmińsko-mazurskie,20.2,2026-07-24
53,Jez. Ełckie,EŁK,warmińsko-mazurskie,20.1,2026-07-24
54,Jez. Selmęt Wielki,SORDACHY,warmińsko-mazurskie,19.2,2026-07-24
55,Jez. Białe Augustowskie,PRZEWIĘŹ,podlaskie,20.2,2026-07-24
56,Jez. Rospuda Filipowska,WÓLKA,podlaskie,19.1,2026-07-24
57,Jez. Hańcza,WRÓBEL,podlaskie,19.6,2026-07-24
58,Jez. Rajgrodzkie,RAJGRÓD,podlaskie,20.0,2026-07-24
59,Jez. Wigry,WIGRY,podlaskie,20.2,2026-07-24
60,Jez. Studzieniczne,PRZEWIĘŹ,podlaskie,20.0,2026-07-24
61,Jez. Morskie Oko,MORSKIE OKO,małopolskie,11.7,2026-07-24
1,Morze Bałtyckie,ŚWINOUJŚCIE,zachodniopomorskie,19.4,2026-07-25
2,Morze Bałtyckie,KOŁOBRZEG,zachodniopomorskie,17.6,2026-07-25
3,Morze Bałtyckie,DARŁOWO,zachodniopomorskie,17.7,2026-07-25
4,Morze Bałtyckie,USTKA,pomorskie,17.1,2026-07-25
5,Morze Bałtyckie,ŁEBA,pomorskie,18.1,2026-07-25
6,Morze Bałtyckie,DĘBKI,pomorskie,18.6,2026-07-25
7,Morze Bałtyckie,WŁADYSŁAWOWO,pomorskie,18.0,2026-07-25
8,Morze Bałtyckie,HEL,pomorskie,17.5,2026-07-25
9,Morze Bałtyckie,PUCK,pomorskie,19.1,2026-07-25
10,Morze Bałtyckie,GDYNIA,pomorskie,18.3,2026-07-25
11,Morze Bałtyckie,GDAŃSK-PORT PÓŁNOCNY,pomorskie,19.0,2026-07-25
12,Morze Bałtyckie,NOWY ŚWIAT - UJŚCIE,pomorskie,18.8,2026-07-25
13,Zalew Wiślany,NOWY ŚWIAT - ZALEW,pomorskie,18.8,2026-07-25
14,Zalew Wiślany,KRYNICA MORSKA,pomorskie,19.0,2026-07-25
15,Zalew Wiślany,OSŁONKA,pomorskie,brak danych,2026-07-25
16,Elbląg,NOWAKOWO,warmińsko-mazurskie,brak danych,2026-07-25
17,Zalew Wiślany,TOLKMICKO,warmińsko-mazurskie,18.9,2026-07-25
18,Zalew Wiślany,NOWA PASŁĘKA,warmińsko-mazurskie,17.5,2026-07-25
19,Cieśnina Dziwna,WOLIN,zachodniopomorskie,19.4,2026-07-25
20,Jez. Morzycko,PRZYJEZIERZE,zachodniopomorskie,20.2,2026-07-25
21,Jez. Ińsko,IŃSKO,zachodniopomorskie,19.8,2026-07-25
22,Jez. Lubie,LUBIESZEWO,zachodniopomorskie,brak danych,2026-07-25
23,Jez. Ostrowite,WYSPA POKRZYWKA,zachodniopomorskie,20.4,2026-07-25
24,Jez. Jamno,UNIEŚCIE,zachodniopomorskie,19.4,2026-07-25
25,Jez. Komorze,SIKORY,zachodniopomorskie,brak danych,2026-07-25
26,Jez. Drawsko,CZAPLINEK,zachodniopomorskie,19.0,2026-07-25
27,Jez. Bytyń Wielki,NAKIELNO,zachodniopomorskie,brak danych,2026-07-25
28,Jez. Gardno,GARDNA WIELKA,pomorskie,18.0,2026-07-25
29,Jez. Łebsko,IZBICA,pomorskie,17.0,2026-07-25
30,Jez. Jasień Pd.,JASIEŃ,pomorskie,20.0,2026-07-25
31,Jez. Charzykowskie,CHARZYKOWY,pomorskie,19.5,2026-07-25
32,Jez. Wdzydze,JEZIORNA,pomorskie,19.8,2026-07-25
33,Jez. Raduńskie Górne,BORUCINO,pomorskie,18.2,2026-07-25
34,Jez. Ostrzyckie,OSTRZYCE,pomorskie,19.2,2026-07-25
35,Jez. Dzierzgoń,PRABUTY,pomorskie,18.9,2026-07-25
36,Jez. Żabie,ŁUGI,lubuskie,19.8,2026-07-25
37,Jez. Niesłysz,PRZEŁAZY,lubuskie,21.1,2026-07-25
38,Jez. Sławskie,RADZYŃ,lubuskie,20.3,2026-07-25
39,Jez. Sławianowskie,BUNTOWO,wielkopolskie,brak danych,2026-07-25
40,Jez. Powidzkie,POWIDZ,wielkopolskie,brak danych,2026-07-25
41,Jez. Sępoleńskie,SĘPÓLNO KRAJEŃSKIE,kujawsko-pomorskie,20.4,2026-07-25
42,Jez. Gopło,KRUSZWICA,kujawsko-pomorskie,20.7,2026-07-25
43,Jez. Bachotek,BACHOTEK,kujawsko-pomorskie,19.7,2026-07-25
44,Jez. Druzno,ŻUKOWO,warmińsko-mazurskie,18.1,2026-07-25
45,Jez. Jeziorak,IŁAWA,warmińsko-mazurskie,19.5,2026-07-25
46,Jez. Dadaj,DADAJ,warmińsko-mazurskie,19.9,2026-07-25
47,Jez. Nidzkie,RUCIANE-NIDA,warmińsko-mazurskie,20.6,2026-07-25
48,Jez. Mikołajskie,MIKOŁAJKI,warmińsko-mazurskie,19.7,2026-07-25
49,Jez. Śniardwy,GŁODOWO,warmińsko-mazurskie,20.5,2026-07-25
50,Jez. Roś,MALDANIN,warmińsko-mazurskie,21.0,2026-07-25
51,Jez. Mamry,PRZYSTAŃ,warmińsko-mazurskie,18.8,2026-07-25
52,Jez. Litygajno,BORKI,warmińsko-mazurskie,19.8,2026-07-25
53,Jez. Ełckie,EŁK,warmińsko-mazurskie,20.3,2026-07-25
54,Jez. Selmęt Wielki,SORDACHY,warmińsko-mazurskie,19.9,2026-07-25
55,Jez. Białe Augustowskie,PRZEWIĘŹ,podlaskie,20.6,2026-07-25
56,Jez. Rospuda Filipowska,WÓLKA,podlaskie,19.3,2026-07-25
57,Jez. Hańcza,WRÓBEL,podlaskie,20.1,2026-07-25
58,Jez. Rajgrodzkie,RAJGRÓD,podlaskie,20.6,2026-07-25
59,Jez. Wigry,WIGRY,podlaskie,20.5,2026-07-25
60,Jez. Studzieniczne,PRZEWIĘŹ,podlaskie,20.5,2026-07-25
61,Jez. Morskie Oko,MORSKIE OKO,małopolskie,11.4,2026-07-25
1,Morze Bałtyckie,ŚWINOUJŚCIE,zachodniopomorskie,19.8,2026-07-26
2,Morze Bałtyckie,KOŁOBRZEG,zachodniopomorskie,17.7,2026-07-26
3,Morze Bałtyckie,DARŁOWO,zachodniopomorskie,18.5,2026-07-26
4,Morze Bałtyckie,USTKA,pomorskie,17.6,2026-07-26
5,Morze Bałtyckie,ŁEBA,pomorskie,19.2,2026-07-26
6,Morze Bałtyckie,DĘBKI,pomorskie,18.5,2026-07-26
7,Morze Bałtyckie,WŁADYSŁAWOWO,pomorskie,18.1,2026-07-26
8,Morze Bałtyckie,HEL,pomorskie,17.8,2026-07-26
9,Morze Bałtyckie,PUCK,pomorskie,19.6,2026-07-26
10,Morze Bałtyckie,GDYNIA,pomorskie,18.4,2026-07-26
11,Morze Bałtyckie,GDAŃSK-PORT PÓŁNOCNY,pomorskie,18.7,2026-07-26
12,Morze Bałtyckie,NOWY ŚWIAT - UJŚCIE,pomorskie,19.0,2026-07-26
13,Zalew Wiślany,NOWY ŚWIAT - ZALEW,pomorskie,19.4,2026-07-26
14,Zalew Wiślany,KRYNICA MORSKA,pomorskie,19.7,2026-07-26
15,Zalew Wiślany,OSŁONKA,pomorskie,brak danych,2026-07-26
16,Elbląg,NOWAKOWO,warmińsko-mazurskie,brak danych,2026-07-26
17,Zalew Wiślany,TOLKMICKO,warmińsko-mazurskie,19.1,2026-07-26
18,Zalew Wiślany,NOWA PASŁĘKA,warmińsko-mazurskie,18.1,2026-07-26
19,Cieśnina Dziwna,WOLIN,zachodniopomorskie,20.8,2026-07-26
20,Jez. Morzycko,PRZYJEZIERZE,zachodniopomorskie,20.8,2026-07-26
21,Jez. Ińsko,IŃSKO,zachodniopomorskie,20.4,2026-07-26
22,Jez. Lubie,LUBIESZEWO,zachodniopomorskie,20.6,2026-07-26
23,Jez. Ostrowite,WYSPA POKRZYWKA,zachodniopomorskie,20.8,2026-07-26
24,Jez. Jamno,UNIEŚCIE,zachodniopomorskie,20.4,2026-07-26
25,Jez. Komorze,SIKORY,zachodniopomorskie,20.6,2026-07-26
26,Jez. Drawsko,CZAPLINEK,zachodniopomorskie,19.7,2026-07-26
27,Jez. Bytyń Wielki,NAKIELNO,zachodniopomorskie,20.0,2026-07-26
28,Jez. Gardno,GARDNA WIELKA,pomorskie,18.9,2026-07-26
29,Jez. Łebsko,IZBICA,pomorskie,17.4,2026-07-26
30,Jez. Jasień Pd.,JASIEŃ,pomorskie,20.6,2026-07-26
31,Jez. Charzykowskie,CHARZYKOWY,pomorskie,19.8,2026-07-26
32,Jez. Wdzydze,JEZIORNA,pomorskie,19.8,2026-07-26
33,Jez. Raduńskie Górne,BORUCINO,pomorskie,18.9,2026-07-26
34,Jez. Ostrzyckie,OSTRZYCE,pomorskie,19.7,2026-07-26
35,Jez. Dzierzgoń,PRABUTY,pomorskie,19.1,2026-07-26
36,Jez. Żabie,ŁUGI,lubuskie,20.2,2026-07-26
37,Jez. Niesłysz,PRZEŁAZY,lubuskie,21.7,2026-07-26
38,Jez. Sławskie,RADZYŃ,lubuskie,21.1,2026-07-26
39,Jez. Sławianowskie,BUNTOWO,wielkopolskie,21.0,2026-07-26
40,Jez. Powidzkie,POWIDZ,wielkopolskie,brak danych,2026-07-26
41,Jez. Sępoleńskie,SĘPÓLNO KRAJEŃSKIE,kujawsko-pomorskie,21.5,2026-07-26
42,Jez. Gopło,KRUSZWICA,kujawsko-pomorskie,21.7,2026-07-26
43,Jez. Bachotek,BACHOTEK,kujawsko-pomorskie,20.6,2026-07-26
44,Jez. Druzno,ŻUKOWO,warmińsko-mazurskie,18.3,2026-07-26
45,Jez. Jeziorak,IŁAWA,warmińsko-mazurskie,19.3,2026-07-26
46,Jez. Dadaj,DADAJ,warmińsko-mazurskie,20.5,2026-07-26
47,Jez. Nidzkie,RUCIANE-NIDA,warmińsko-mazurskie,21.2,2026-07-26
48,Jez. Mikołajskie,MIKOŁAJKI,warmińsko-mazurskie,20.2,2026-07-26
49,Jez. Śniardwy,GŁODOWO,warmińsko-mazurskie,20.8,2026-07-26
50,Jez. Roś,MALDANIN,warmińsko-mazurskie,21.2,2026-07-26
51,Jez. Mamry,PRZYSTAŃ,warmińsko-mazurskie,18.9,2026-07-26
52,Jez. Litygajno,BORKI,warmińsko-mazurskie,20.6,2026-07-26
53,Jez. Ełckie,EŁK,warmińsko-mazurskie,20.3,2026-07-26
54,Jez. Selmęt Wielki,SORDACHY,warmińsko-mazurskie,19.6,2026-07-26
55,Jez. Białe Augustowskie,PRZEWIĘŹ,podlaskie,20.5,2026-07-26
56,Jez. Rospuda Filipowska,WÓLKA,podlaskie,19.2,2026-07-26
57,Jez. Hańcza,WRÓBEL,podlaskie,19.7,2026-07-26
58,Jez. Rajgrodzkie,RAJGRÓD,podlaskie,20.7,2026-07-26
59,Jez. Wigry,WIGRY,podlaskie,20.7,2026-07-26
60,Jez. Studzieniczne,PRZEWIĘŹ,podlaskie,20.2,2026-07-26
61,Jez. Morskie Oko,MORSKIE OKO,małopolskie,brak danych,2026-07-26
1,Morze Bałtyckie,ŚWINOUJŚCIE,zachodniopomorskie,19.5,2026-07-27
2,Morze Bałtyckie,KOŁOBRZEG,zachodniopomorskie,17.7,2026-07-27
3,Morze Bałtyckie,DARŁOWO,zachodniopomorskie,18.6,2026-07-27
4,Morze Bałtyckie,USTKA,pomorskie,17.7,2026-07-27
5,Morze Bałtyckie,ŁEBA,pomorskie,18.4,2026-07-27
6,Morze Bałtyckie,DĘBKI,pomorskie,19.1,2026-07-27
7,Morze Bałtyckie,WŁADYSŁAWOWO,pomorskie,18.5,2026-07-27
8,Morze Bałtyckie,HEL,pomorskie,18.0,2026-07-27
9,Morze Bałtyckie,PUCK,pomorskie,19.8,2026-07-27
10,Morze Bałtyckie,GDYNIA,pomorskie,18.6,2026-07-27
11,Morze Bałtyckie,GDAŃSK-PORT PÓŁNOCNY,pomorskie,18.9,2026-07-27
12,Morze Bałtyckie,NOWY ŚWIAT - UJŚCIE,pomorskie,18.3,2026-07-27
13,Zalew Wiślany,NOWY ŚWIAT - ZALEW,pomorskie,19.3,2026-07-27
14,Zalew Wiślany,KRYNICA MORSKA,pomorskie,19.6,2026-07-27
15,Zalew Wiślany,OSŁONKA,pomorskie,brak danych,2026-07-27
16,Elbląg,NOWAKOWO,warmińsko-mazurskie,brak danych,2026-07-27
17,Zalew Wiślany,TOLKMICKO,warmińsko-mazurskie,19.6,2026-07-27
18,Zalew Wiślany,NOWA PASŁĘKA,warmińsko-mazurskie,18.6,2026-07-27
19,Cieśnina Dziwna,WOLIN,zachodniopomorskie,20.0,2026-07-27
20,Jez. Morzycko,PRZYJEZIERZE,zachodniopomorskie,20.8,2026-07-27
21,Jez. Ińsko,IŃSKO,zachodniopomorskie,20.2,2026-07-27
22,Jez. Lubie,LUBIESZEWO,zachodniopomorskie,19.8,2026-07-27
23,Jez. Ostrowite,WYSPA POKRZYWKA,zachodniopomorskie,21.0,2026-07-27
24,Jez. Jamno,UNIEŚCIE,zachodniopomorskie,20.2,2026-07-27
25,Jez. Komorze,SIKORY,zachodniopomorskie,20.6,2026-07-27
26,Jez. Drawsko,CZAPLINEK,zachodniopomorskie,19.5,2026-07-27
27,Jez. Bytyń Wielki,NAKIELNO,zachodniopomorskie,19.7,2026-07-27
28,Jez. Gardno,GARDNA WIELKA,pomorskie,20.0,2026-07-27
29,Jez. Łebsko,IZBICA,pomorskie,17.4,2026-07-27
30,Jez. Jasień Pd.,JASIEŃ,pomorskie,brak danych,2026-07-27
31,Jez. Charzykowskie,CHARZYKOWY,pomorskie,20.6,2026-07-27
32,Jez. Wdzydze,JEZIORNA,pomorskie,21.1,2026-07-27
33,Jez. Raduńskie Górne,BORUCINO,pomorskie,18.7,2026-07-27
34,Jez. Ostrzyckie,OSTRZYCE,pomorskie,19.8,2026-07-27
35,Jez. Dzierzgoń,PRABUTY,pomorskie,19.4,2026-07-27
36,Jez. Żabie,ŁUGI,lubuskie,20.3,2026-07-27
37,Jez. Niesłysz,PRZEŁAZY,lubuskie,21.7,2026-07-27
38,Jez. Sławskie,RADZYŃ,lubuskie,22.0,2026-07-27
39,Jez. Sławianowskie,BUNTOWO,wielkopolskie,20.6,2026-07-27
40,Jez. Powidzkie,POWIDZ,wielkopolskie,19.9,2026-07-27
41,Jez. Sępoleńskie,SĘPÓLNO KRAJEŃSKIE,kujawsko-pomorskie,20.8,2026-07-27
42,Jez. Gopło,KRUSZWICA,kujawsko-pomorskie,22.1,2026-07-27
43,Jez. Bachotek,BACHOTEK,kujawsko-pomorskie,20.8,2026-07-27
44,Jez. Druzno,ŻUKOWO,warmińsko-mazurskie,18.4,2026-07-27
45,Jez. Jeziorak,IŁAWA,warmińsko-mazurskie,19.9,2026-07-27
46,Jez. Dadaj,DADAJ,warmińsko-mazurskie,20.7,2026-07-27
47,Jez. Nidzkie,RUCIANE-NIDA,warmińsko-mazurskie,21.6,2026-07-27
48,Jez. Mikołajskie,MIKOŁAJKI,warmińsko-mazurskie,20.5,2026-07-27
49,Jez. Śniardwy,GŁODOWO,warmińsko-mazurskie,21.2,2026-07-27
50,Jez. Roś,MALDANIN,warmińsko-mazurskie,21.5,2026-07-27
51,Jez. Mamry,PRZYSTAŃ,warmińsko-mazurskie,19.4,2026-07-27
52,Jez. Litygajno,BORKI,warmińsko-mazurskie,21.0,2026-07-27
53,Jez. Ełckie,EŁK,warmińsko-mazurskie,20.5,2026-07-27
54,Jez. Selmęt Wielki,SORDACHY,warmińsko-mazurskie,20.0,2026-07-27
55,Jez. Białe Augustowskie,PRZEWIĘŹ,podlaskie,21.4,2026-07-27
56,Jez. Rospuda Filipowska,WÓLKA,podlaskie,19.1,2026-07-27
57,Jez. Hańcza,WRÓBEL,podlaskie,19.9,2026-07-27
58,Jez. Rajgrodzkie,RAJGRÓD,podlaskie,20.3,2026-07-27
59,Jez. Wigry,WIGRY,podlaskie,21.0,2026-07-27
60,Jez. Studzieniczne,PRZEWIĘŹ,podlaskie,20.9,2026-07-27
61,Jez. Morskie Oko,MORSKIE OKO,małopolskie,12.1,2026-07-27
1,Morze Bałtyckie,ŚWINOUJŚCIE,zachodniopomorskie,18.9,2026-07-28
2,Morze Bałtyckie,KOŁOBRZEG,zachodniopomorskie,17.2,2026-07-28
3,Morze Bałtyckie,DARŁOWO,zachodniopomorskie,17.0,2026-07-28
4,Morze Bałtyckie,USTKA,pomorskie,17.1,2026-07-28
5,Morze Bałtyckie,ŁEBA,pomorskie,17.0,2026-07-28
6,Morze Bałtyckie,DĘBKI,pomorskie,18.3,2026-07-28
7,Morze Bałtyckie,WŁADYSŁAWOWO,pomorskie,18.3,2026-07-28
8,Morze Bałtyckie,HEL,pomorskie,17.8,2026-07-28
9,Morze Bałtyckie,PUCK,pomorskie,19.1,2026-07-28
10,Morze Bałtyckie,GDYNIA,pomorskie,17.6,2026-07-28
11,Morze Bałtyckie,GDAŃSK-PORT PÓŁNOCNY,pomorskie,18.2,2026-07-28
12,Morze Bałtyckie,NOWY ŚWIAT - UJŚCIE,pomorskie,18.5,2026-07-28
13,Zalew Wiślany,NOWY ŚWIAT - ZALEW,pomorskie,18.3,2026-07-28
14,Zalew Wiślany,KRYNICA MORSKA,pomorskie,18.7,2026-07-28
15,Zalew Wiślany,OSŁONKA,pomorskie,brak danych,2026-07-28
16,Elbląg,NOWAKOWO,warmińsko-mazurskie,brak danych,2026-07-28
17,Zalew Wiślany,TOLKMICKO,warmińsko-mazurskie,18.6,2026-07-28
18,Zalew Wiślany,NOWA PASŁĘKA,warmińsko-mazurskie,17.9,2026-07-28
19,Cieśnina Dziwna,WOLIN,zachodniopomorskie,19.0,2026-07-28
20,Jez. Morzycko,PRZYJEZIERZE,zachodniopomorskie,21.4,2026-07-28
21,Jez. Ińsko,IŃSKO,zachodniopomorskie,19.6,2026-07-28
22,Jez. Lubie,LUBIESZEWO,zachodniopomorskie,21.0,2026-07-28
23,Jez. Ostrowite,WYSPA POKRZYWKA,zachodniopomorskie,20.5,2026-07-28
24,Jez. Jamno,UNIEŚCIE,zachodniopomorskie,18.8,2026-07-28
25,Jez. Komorze,SIKORY,zachodniopomorskie,20.0,2026-07-28
26,Jez. Drawsko,CZAPLINEK,zachodniopomorskie,18.6,2026-07-28
27,Jez. Bytyń Wielki,NAKIELNO,zachodniopomorskie,19.3,2026-07-28
28,Jez. Gardno,GARDNA WIELKA,pomorskie,19.0,2026-07-28
29,Jez. Łebsko,IZBICA,pomorskie,16.8,2026-07-28
30,Jez. Jasień Pd.,JASIEŃ,pomorskie,20.2,2026-07-28
31,Jez. Charzykowskie,CHARZYKOWY,pomorskie,18.4,2026-07-28
32,Jez. Wdzydze,JEZIORNA,pomorskie,19.9,2026-07-28
33,Jez. Raduńskie Górne,BORUCINO,pomorskie,17.8,2026-07-28
34,Jez. Ostrzyckie,OSTRZYCE,pomorskie,19.0,2026-07-28
35,Jez. Dzierzgoń,PRABUTY,pomorskie,18.5,2026-07-28
36,Jez. Żabie,ŁUGI,lubuskie,19.4,2026-07-28
37,Jez. Niesłysz,PRZEŁAZY,lubuskie,21.1,2026-07-28
38,Jez. Sławskie,RADZYŃ,lubuskie,21.2,2026-07-28
39,Jez. Sławianowskie,BUNTOWO,wielkopolskie,19.4,2026-07-28
40,Jez. Powidzkie,POWIDZ,wielkopolskie,19.5,2026-07-28
41,Jez. Sępoleńskie,SĘPÓLNO KRAJEŃSKIE,kujawsko-pomorskie,20.9,2026-07-28
42,Jez. Gopło,KRUSZWICA,kujawsko-pomorskie,21.1,2026-07-28
43,Jez. Bachotek,BACHOTEK,kujawsko-pomorskie,19.8,2026-07-28
44,Jez. Druzno,ŻUKOWO,warmińsko-mazurskie,18.5,2026-07-28
45,Jez. Jeziorak,IŁAWA,warmińsko-mazurskie,19.5,2026-07-28
46,Jez. Dadaj,DADAJ,warmińsko-mazurskie,19.5,2026-07-28
47,Jez. Nidzkie,RUCIANE-NIDA,warmińsko-mazurskie,21.0,2026-07-28
48,Jez. Mikołajskie,MIKOŁAJKI,warmińsko-mazurskie,20.0,2026-07-28
49,Jez. Śniardwy,GŁODOWO,warmińsko-mazurskie,19.2,2026-07-28
50,Jez. Roś,MALDANIN,warmińsko-mazurskie,20.3,2026-07-28
51,Jez. Mamry,PRZYSTAŃ,warmińsko-mazurskie,18.3,2026-07-28
52,Jez. Litygajno,BORKI,warmińsko-mazurskie,19.6,2026-07-28
53,Jez. Ełckie,EŁK,warmińsko-mazurskie,19.9,2026-07-28
54,Jez. Selmęt Wielki,SORDACHY,warmińsko-mazurskie,19.0,2026-07-28
55,Jez. Białe Augustowskie,PRZEWIĘŹ,podlaskie,20.4,2026-07-28
56,Jez. Rospuda Filipowska,WÓLKA,podlaskie,18.3,2026-07-28
57,Jez. Hańcza,WRÓBEL,podlaskie,19.5,2026-07-28
58,Jez. Rajgrodzkie,RAJGRÓD,podlaskie,19.8,2026-07-28
59,Jez. Wigry,WIGRY,podlaskie,20.5,2026-07-28
60,Jez. Studzieniczne,PRZEWIĘŹ,podlaskie,20.1,2026-07-28
61,Jez. Morskie Oko,MORSKIE OKO,małopolskie,11.7,2026-07-28
1,Morze Bałtyckie,ŚWINOUJŚCIE,zachodniopomorskie,19.0,2026-07-29
2,Morze Bałtyckie,KOŁOBRZEG,zachodniopomorskie,18.0,2026-07-29
3,Morze Bałtyckie,DARŁOWO,zachodniopomorskie,18.3,2026-07-29
4,Morze Bałtyckie,USTKA,pomorskie,17.5,2026-07-29
5,Morze Bałtyckie,ŁEBA,pomorskie,17.3,2026-07-29
6,Morze Bałtyckie,DĘBKI,pomorskie,18.0,2026-07-29
7,Morze Bałtyckie,WŁADYSŁAWOWO,pomorskie,18.2,2026-07-29
8,Morze Bałtyckie,HEL,pomorskie,17.7,2026-07-29
9,Morze Bałtyckie,PUCK,pomorskie,18.8,2026-07-29
10,Morze Bałtyckie,GDYNIA,pomorskie,17.6,2026-07-29
11,Morze Bałtyckie,GDAŃSK-PORT PÓŁNOCNY,pomorskie,18.1,2026-07-29
12,Morze Bałtyckie,NOWY ŚWIAT - UJŚCIE,pomorskie,18.8,2026-07-29
13,Zalew Wiślany,NOWY ŚWIAT - ZALEW,pomorskie,18.4,2026-07-29
14,Zalew Wiślany,KRYNICA MORSKA,pomorskie,18.4,2026-07-29
15,Zalew Wiślany,OSŁONKA,pomorskie,brak danych,2026-07-29
16,Elbląg,NOWAKOWO,warmińsko-mazurskie,brak danych,2026-07-29
17,Zalew Wiślany,TOLKMICKO,warmińsko-mazurskie,18.3,2026-07-29
18,Zalew Wiślany,NOWA PASŁĘKA,warmińsko-mazurskie,18.2,2026-07-29
19,Cieśnina Dziwna,WOLIN,zachodniopomorskie,19.2,2026-07-29
20,Jez. Morzycko,PRZYJEZIERZE,zachodniopomorskie,21.8,2026-07-29
21,Jez. Ińsko,IŃSKO,zachodniopomorskie,20.0,2026-07-29
22,Jez. Lubie,LUBIESZEWO,zachodniopomorskie,20.0,2026-07-29
23,Jez. Ostrowite,WYSPA POKRZYWKA,zachodniopomorskie,20.6,2026-07-29
24,Jez. Jamno,UNIEŚCIE,zachodniopomorskie,19.8,2026-07-29
25,Jez. Komorze,SIKORY,zachodniopomorskie,20.1,2026-07-29
26,Jez. Drawsko,CZAPLINEK,zachodniopomorskie,18.9,2026-07-29
27,Jez. Bytyń Wielki,NAKIELNO,zachodniopomorskie,brak danych,2026-07-29
28,Jez. Gardno,GARDNA WIELKA,pomorskie,18.7,2026-07-29
29,Jez. Łebsko,IZBICA,pomorskie,16.6,2026-07-29
30,Jez. Jasień Pd.,JASIEŃ,pomorskie,21.0,2026-07-29
31,Jez. Charzykowskie,CHARZYKOWY,pomorskie,19.2,2026-07-29
32,Jez. Wdzydze,JEZIORNA,pomorskie,19.8,2026-07-29
33,Jez. Raduńskie Górne,BORUCINO,pomorskie,18.2,2026-07-29
34,Jez. Ostrzyckie,OSTRZYCE,pomorskie,18.9,2026-07-29
35,Jez. Dzierzgoń,PRABUTY,pomorskie,18.3,2026-07-29
36,Jez. Żabie,ŁUGI,lubuskie,19.6,2026-07-29
37,Jez. Niesłysz,PRZEŁAZY,lubuskie,21.1,2026-07-29
38,Jez. Sławskie,RADZYŃ,lubuskie,21.2,2026-07-29
39,Jez. Sławianowskie,BUNTOWO,wielkopolskie,19.5,2026-07-29
40,Jez. Powidzkie,POWIDZ,wielkopolskie,19.5,2026-07-29
41,Jez. Sępoleńskie,SĘPÓLNO KRAJEŃSKIE,kujawsko-pomorskie,20.8,2026-07-29
42,Jez. Gopło,KRUSZWICA,kujawsko-pomorskie,21.1,2026-07-29
43,Jez. Bachotek,BACHOTEK,kujawsko-pomorskie,19.7,2026-07-29
44,Jez. Druzno,ŻUKOWO,warmińsko-mazurskie,18.3,2026-07-29
45,Jez. Jeziorak,IŁAWA,warmińsko-mazurskie,19.4,2026-07-29
46,Jez. Dadaj,DADAJ,warmińsko-mazurskie,19.5,2026-07-29
47,Jez. Nidzkie,RUCIANE-NIDA,warmińsko-mazurskie,20.6,2026-07-29
48,Jez. Mikołajskie,MIKOŁAJKI,warmińsko-mazurskie,20.0,2026-07-29
49,Jez. Śniardwy,GŁODOWO,warmińsko-mazurskie,18.8,2026-07-29
50,Jez. Roś,MALDANIN,warmińsko-mazurskie,20.0,2026-07-29
51,Jez. Mamry,PRZYSTAŃ,warmińsko-mazurskie,18.2,2026-07-29
52,Jez. Litygajno,BORKI,warmińsko-mazurskie,19.1,2026-07-29
53,Jez. Ełckie,EŁK,warmińsko-mazurskie,19.6,2026-07-29
54,Jez. Selmęt Wielki,SORDACHY,warmińsko-mazurskie,19.1,2026-07-29
55,Jez. Białe Augustowskie,PRZEWIĘŹ,podlaskie,20.0,2026-07-29
56,Jez. Rospuda Filipowska,WÓLKA,podlaskie,18.3,2026-07-29
57,Jez. Hańcza,WRÓBEL,podlaskie,19.4,2026-07-29
58,Jez. Rajgrodzkie,RAJGRÓD,podlaskie,19.4,2026-07-29
59,Jez. Wigry,WIGRY,podlaskie,20.1,2026-07-29
60,Jez. Studzieniczne,PRZEWIĘŹ,podlaskie,19.8,2026-07-29
61,Jez. Morskie Oko,MORSKIE OKO,małopolskie,12.0,2026-07-29
1,Morze Bałtyckie,ŚWINOUJŚCIE,zachodniopomorskie,19.5,2026-07-30
2,Morze Bałtyckie,KOŁOBRZEG,zachodniopomorskie,18.6,2026-07-30
3,Morze Bałtyckie,DARŁOWO,zachodniopomorskie,18.5,2026-07-30
4,Morze Bałtyckie,USTKA,pomorskie,18.0,2026-07-30
5,Morze Bałtyckie,ŁEBA,pomorskie,18.4,2026-07-30
6,Morze Bałtyckie,DĘBKI,pomorskie,19.2,2026-07-30
7,Morze Bałtyckie,WŁADYSŁAWOWO,pomorskie,18.7,2026-07-30
8,Morze Bałtyckie,HEL,pomorskie,18.3,2026-07-30
9,Morze Bałtyckie,PUCK,pomorskie,19.3,2026-07-30
10,Morze Bałtyckie,GDYNIA,pomorskie,18.4,2026-07-30
11,Morze Bałtyckie,GDAŃSK-PORT PÓŁNOCNY,pomorskie,18.7,2026-07-30
12,Morze Bałtyckie,NOWY ŚWIAT - UJŚCIE,pomorskie,18.3,2026-07-30
13,Zalew Wiślany,NOWY ŚWIAT - ZALEW,pomorskie,18.5,2026-07-30
14,Zalew Wiślany,KRYNICA MORSKA,pomorskie,18.8,2026-07-30
15,Zalew Wiślany,OSŁONKA,pomorskie,brak danych,2026-07-30
16,Elbląg,NOWAKOWO,warmińsko-mazurskie,brak danych,2026-07-30
17,Zalew Wiślany,TOLKMICKO,warmińsko-mazurskie,18.0,2026-07-30
18,Zalew Wiślany,NOWA PASŁĘKA,warmińsko-mazurskie,18.7,2026-07-30
19,Cieśnina Dziwna,WOLIN,zachodniopomorskie,20.1,2026-07-30
20,Jez. Morzycko,PRZYJEZIERZE,zachodniopomorskie,21.2,2026-07-30
21,Jez. Ińsko,IŃSKO,zachodniopomorskie,20.4,2026-07-30
22,Jez. Lubie,LUBIESZEWO,zachodniopomorskie,20.8,2026-07-30
23,Jez. Ostrowite,WYSPA POKRZYWKA,zachodniopomorskie,21.3,2026-07-30
24,Jez. Jamno,UNIEŚCIE,zachodniopomorskie,21.0,2026-07-30
25,Jez. Komorze,SIKORY,zachodniopomorskie,20.7,2026-07-30
26,Jez. Drawsko,CZAPLINEK,zachodniopomorskie,19.5,2026-07-30
27,Jez. Bytyń Wielki,NAKIELNO,zachodniopomorskie,brak danych,2026-07-30
28,Jez. Gardno,GARDNA WIELKA,pomorskie,19.2,2026-07-30
29,Jez. Łebsko,IZBICA,pomorskie,17.0,2026-07-30
30,Jez. Jasień Pd.,JASIEŃ,pomorskie,20.8,2026-07-30
31,Jez. Charzykowskie,CHARZYKOWY,pomorskie,20.2,2026-07-30
32,Jez. Wdzydze,JEZIORNA,pomorskie,20.2,2026-07-30
33,Jez. Raduńskie Górne,BORUCINO,pomorskie,19.6,2026-07-30
34,Jez. Ostrzyckie,OSTRZYCE,pomorskie,19.5,2026-07-30
35,Jez. Dzierzgoń,PRABUTY,pomorskie,19.1,2026-07-30
36,Jez. Żabie,ŁUGI,lubuskie,20.0,2026-07-30
37,Jez. Niesłysz,PRZEŁAZY,lubuskie,22.0,2026-07-30
38,Jez. Sławskie,RADZYŃ,lubuskie,20.6,2026-07-30
39,Jez. Sławianowskie,BUNTOWO,wielkopolskie,21.1,2026-07-30
40,Jez. Powidzkie,POWIDZ,wielkopolskie,20.7,2026-07-30
41,Jez. Sępoleńskie,SĘPÓLNO KRAJEŃSKIE,kujawsko-pomorskie,21.4,2026-07-30
42,Jez. Gopło,KRUSZWICA,kujawsko-pomorskie,22.8,2026-07-30
43,Jez. Bachotek,BACHOTEK,kujawsko-pomorskie,20.4,2026-07-30
44,Jez. Druzno,ŻUKOWO,warmińsko-mazurskie,18.3,2026-07-30
45,Jez. Jeziorak,IŁAWA,warmińsko-mazurskie,19.9,2026-07-30
46,Jez. Dadaj,DADAJ,warmińsko-mazurskie,20.0,2026-07-30
47,Jez. Nidzkie,RUCIANE-NIDA,warmińsko-mazurskie,21.0,2026-07-30
48,Jez. Mikołajskie,MIKOŁAJKI,warmińsko-mazurskie,19.9,2026-07-30
49,Jez. Śniardwy,GŁODOWO,warmińsko-mazurskie,19.7,2026-07-30
50,Jez. Roś,MALDANIN,warmińsko-mazurskie,20.9,2026-07-30
51,Jez. Mamry,PRZYSTAŃ,warmińsko-mazurskie,19.0,2026-07-30
52,Jez. Litygajno,BORKI,warmińsko-mazurskie,19.7,2026-07-30
53,Jez. Ełckie,EŁK,warmińsko-mazurskie,20.0,2026-07-30
54,Jez. Selmęt Wielki,SORDACHY,warmińsko-mazurskie,19.3,2026-07-30
55,Jez. Białe Augustowskie,PRZEWIĘŹ,podlaskie,20.4,2026-07-30
56,Jez. Rospuda Filipowska,WÓLKA,podlaskie,18.8,2026-07-30
57,Jez. Hańcza,WRÓBEL,podlaskie,19.7,2026-07-30
58,Jez. Rajgrodzkie,RAJGRÓD,podlaskie,19.9,2026-07-30
59,Jez. Wigry,WIGRY,podlaskie,20.2,2026-07-30
60,Jez. Studzieniczne,PRZEWIĘŹ,podlaskie,19.8,2026-07-30
61,Jez. Morskie Oko,MORSKIE OKO,małopolskie,13.3,2026-07-30
1,Morze Bałtyckie,ŚWINOUJŚCIE,zachodniopomorskie,19.4,2026-07-31
2,Morze Bałtyckie,KOŁOBRZEG,zachodniopomorskie,19.8,2026-07-31
3,Morze Bałtyckie,DARŁOWO,zachodniopomorskie,18.9,2026-07-31
4,Morze Bałtyckie,USTKA,pomorskie,19.3,2026-07-31
5,Morze Bałtyckie,ŁEBA,pomorskie,19.7,2026-07-31
6,Morze Bałtyckie,DĘBKI,pomorskie,21.4,2026-07-31
7,Morze Bałtyckie,WŁADYSŁAWOWO,pomorskie,19.3,2026-07-31
8,Morze Bałtyckie,HEL,pomorskie,19.0,2026-07-31
9,Morze Bałtyckie,PUCK,pomorskie,20.7,2026-07-31
10,Morze Bałtyckie,GDYNIA,pomorskie,18.7,2026-07-31
11,Morze Bałtyckie,GDAŃSK-PORT PÓŁNOCNY,pomorskie,19.2,2026-07-31
12,Morze Bałtyckie,NOWY ŚWIAT - UJŚCIE,pomorskie,18.2,2026-07-31
13,Zalew Wiślany,NOWY ŚWIAT - ZALEW,pomorskie,18.7,2026-07-31
14,Zalew Wiślany,KRYNICA MORSKA,pomorskie,21.4,2026-07-31
15,Zalew Wiślany,OSŁONKA,pomorskie,brak danych,2026-07-31
16,Elbląg,NOWAKOWO,warmińsko-mazurskie,brak danych,2026-07-31
17,Zalew Wiślany,TOLKMICKO,warmińsko-mazurskie,18.4,2026-07-31
18,Zalew Wiślany,NOWA PASŁĘKA,warmińsko-mazurskie,20.6,2026-07-31
19,Cieśnina Dziwna,WOLIN,zachodniopomorskie,21.8,2026-07-31
20,Jez. Morzycko,PRZYJEZIERZE,zachodniopomorskie,22.6,2026-07-31
21,Jez. Ińsko,IŃSKO,zachodniopomorskie,21.4,2026-07-31
22,Jez. Lubie,LUBIESZEWO,zachodniopomorskie,22.6,2026-07-31
23,Jez. Ostrowite,WYSPA POKRZYWKA,zachodniopomorskie,22.8,2026-07-31
24,Jez. Jamno,UNIEŚCIE,zachodniopomorskie,23.2,2026-07-31
25,Jez. Komorze,SIKORY,zachodniopomorskie,22.2,2026-07-31
26,Jez. Drawsko,CZAPLINEK,zachodniopomorskie,20.2,2026-07-31
27,Jez. Bytyń Wielki,NAKIELNO,zachodniopomorskie,21.9,2026-07-31
28,Jez. Gardno,GARDNA WIELKA,pomorskie,20.7,2026-07-31
29,Jez. Łebsko,IZBICA,pomorskie,17.2,2026-07-31
30,Jez. Jasień Pd.,JASIEŃ,pomorskie,23.0,2026-07-31
31,Jez. Charzykowskie,CHARZYKOWY,pomorskie,20.6,2026-07-31
32,Jez. Wdzydze,JEZIORNA,pomorskie,20.9,2026-07-31
33,Jez. Raduńskie Górne,BORUCINO,pomorskie,20.7,2026-07-31
34,Jez. Ostrzyckie,OSTRZYCE,pomorskie,20.5,2026-07-31
35,Jez. Dzierzgoń,PRABUTY,pomorskie,20.4,2026-07-31
36,Jez. Żabie,ŁUGI,lubuskie,21.1,2026-07-31
37,Jez. Niesłysz,PRZEŁAZY,lubuskie,22.4,2026-07-31
38,Jez. Sławskie,RADZYŃ,lubuskie,22.8,2026-07-31
39,Jez. Sławianowskie,BUNTOWO,wielkopolskie,22.6,2026-07-31
40,Jez. Powidzkie,POWIDZ,wielkopolskie,22.0,2026-07-31
41,Jez. Sępoleńskie,SĘPÓLNO KRAJEŃSKIE,kujawsko-pomorskie,22.6,2026-07-31
42,Jez. Gopło,KRUSZWICA,kujawsko-pomorskie,24.4,2026-07-31
43,Jez. Bachotek,BACHOTEK,kujawsko-pomorskie,21.9,2026-07-31
44,Jez. Druzno,ŻUKOWO,warmińsko-mazurskie,18.5,2026-07-31
45,Jez. Jeziorak,IŁAWA,warmińsko-mazurskie,20.1,2026-07-31
46,Jez. Dadaj,DADAJ,warmińsko-mazurskie,20.8,2026-07-31
47,Jez. Nidzkie,RUCIANE-NIDA,warmińsko-mazurskie,22.8,2026-07-31
48,Jez. Mikołajskie,MIKOŁAJKI,warmińsko-mazurskie,21.4,2026-07-31
49,Jez. Śniardwy,GŁODOWO,warmińsko-mazurskie,21.9,2026-07-31
50,Jez. Roś,MALDANIN,warmińsko-mazurskie,21.4,2026-07-31
51,Jez. Mamry,PRZYSTAŃ,warmińsko-mazurskie,20.7,2026-07-31
52,Jez. Litygajno,BORKI,warmińsko-mazurskie,21.6,2026-07-31
53,Jez. Ełckie,EŁK,warmińsko-mazurskie,21.1,2026-07-31
54,Jez. Selmęt Wielki,SORDACHY,warmińsko-mazurskie,20.0,2026-07-31
55,Jez. Białe Augustowskie,PRZEWIĘŹ,podlaskie,21.0,2026-07-31
56,Jez. Rospuda Filipowska,WÓLKA,podlaskie,19.3,2026-07-31
57,Jez. Hańcza,WRÓBEL,podlaskie,21.9,2026-07-31
58,Jez. Rajgrodzkie,RAJGRÓD,podlaskie,19.8,2026-07-31
59,Jez. Wigry,WIGRY,podlaskie,21.3,2026-07-31
60,Jez. Studzieniczne,PRZEWIĘŹ,podlaskie,21.0,2026-07-31
61,Jez. Morskie Oko,MORSKIE OKO,małopolskie,14.0,2026-07-31
1,Morze Bałtyckie,ŚWINOUJŚCIE,zachodniopomorskie,20.0,2026-08-01
2,Morze Bałtyckie,KOŁOBRZEG,zachodniopomorskie,19.9,2026-08-01
3,Morze Bałtyckie,DARŁOWO,zachodniopomorskie,19.3,2026-08-01
4,Morze Bałtyckie,USTKA,pomorskie,19.6,2026-08-01
5,Morze Bałtyckie,ŁEBA,pomorskie,19.9,2026-08-01
6,Morze Bałtyckie,DĘBKI,pomorskie,21.5,2026-08-01
7,Morze Bałtyckie,WŁADYSŁAWOWO,pomorskie,19.6,2026-08-01
8,Morze Bałtyckie,HEL,pomorskie,18.7,2026-08-01
9,Morze Bałtyckie,PUCK,pomorskie,21.3,2026-08-01
10,Morze Bałtyckie,GDYNIA,pomorskie,18.5,2026-08-01
11,Morze Bałtyckie,GDAŃSK-PORT PÓŁNOCNY,pomorskie,19.3,2026-08-01
12,Morze Bałtyckie,NOWY ŚWIAT - UJŚCIE,pomorskie,17.6,2026-08-01
13,Zalew Wiślany,NOWY ŚWIAT - ZALEW,pomorskie,18.6,2026-08-01
14,Zalew Wiślany,KRYNICA MORSKA,pomorskie,21.0,2026-08-01
15,Zalew Wiślany,OSŁONKA,pomorskie,brak danych,2026-08-01
16,Elbląg,NOWAKOWO,warmińsko-mazurskie,brak danych,2026-08-01
17,Zalew Wiślany,TOLKMICKO,warmińsko-mazurskie,20.6,2026-08-01
18,Zalew Wiślany,NOWA PASŁĘKA,warmińsko-mazurskie,20.8,2026-08-01
19,Cieśnina Dziwna,WOLIN,zachodniopomorskie,22.6,2026-08-01
20,Jez. Morzycko,PRZYJEZIERZE,zachodniopomorskie,22.8,2026-08-01
21,Jez. Ińsko,IŃSKO,zachodniopomorskie,22.2,2026-08-01
22,Jez. Lubie,LUBIESZEWO,zachodniopomorskie,21.8,2026-08-01
23,Jez. Ostrowite,WYSPA POKRZYWKA,zachodniopomorskie,23.7,2026-08-01
24,Jez. Jamno,UNIEŚCIE,zachodniopomorskie,22.2,2026-08-01
25,Jez. Komorze,SIKORY,zachodniopomorskie,22.6,2026-08-01
26,Jez. Drawsko,CZAPLINEK,zachodniopomorskie,21.1,2026-08-01
27,Jez. Bytyń Wielki,NAKIELNO,zachodniopomorskie,brak danych,2026-08-01
28,Jez. Gardno,GARDNA WIELKA,pomorskie,21.3,2026-08-01
29,Jez. Łebsko,IZBICA,pomorskie,17.9,2026-08-01
30,Jez. Jasień Pd.,JASIEŃ,pomorskie,23.4,2026-08-01
31,Jez. Charzykowskie,CHARZYKOWY,pomorskie,22.0,2026-08-01
32,Jez. Wdzydze,JEZIORNA,pomorskie,22.3,2026-08-01
33,Jez. Raduńskie Górne,BORUCINO,pomorskie,20.5,2026-08-01
34,Jez. Ostrzyckie,OSTRZYCE,pomorskie,21.3,2026-08-01
35,Jez. Dzierzgoń,PRABUTY,pomorskie,21.6,2026-08-01
36,Jez. Żabie,ŁUGI,lubuskie,21.9,2026-08-01
37,Jez. Niesłysz,PRZEŁAZY,lubuskie,23.7,2026-08-01
38,Jez. Sławskie,RADZYŃ,lubuskie,24.2,2026-08-01
39,Jez. Sławianowskie,BUNTOWO,wielkopolskie,22.7,2026-08-01
40,Jez. Powidzkie,POWIDZ,wielkopolskie,brak danych,2026-08-01
41,Jez. Sępoleńskie,SĘPÓLNO KRAJEŃSKIE,kujawsko-pomorskie,22.6,2026-08-01
42,Jez. Gopło,KRUSZWICA,kujawsko-pomorskie,24.5,2026-08-01
43,Jez. Bachotek,BACHOTEK,kujawsko-pomorskie,22.3,2026-08-01
44,Jez. Druzno,ŻUKOWO,warmińsko-mazurskie,19.2,2026-08-01
45,Jez. Jeziorak,IŁAWA,warmińsko-mazurskie,21.9,2026-08-01
46,Jez. Dadaj,DADAJ,warmińsko-mazurskie,21.6,2026-08-01
47,Jez. Nidzkie,RUCIANE-NIDA,warmińsko-mazurskie,22.5,2026-08-01
48,Jez. Mikołajskie,MIKOŁAJKI,warmińsko-mazurskie,21.8,2026-08-01
49,Jez. Śniardwy,GŁODOWO,warmińsko-mazurskie,23.4,2026-08-01
50,Jez. Roś,MALDANIN,warmińsko-mazurskie,22.8,2026-08-01
51,Jez. Mamry,PRZYSTAŃ,warmińsko-mazurskie,21.2,2026-08-01
52,Jez. Litygajno,BORKI,warmińsko-mazurskie,21.5,2026-08-01
53,Jez. Ełckie,EŁK,warmińsko-mazurskie,21.7,2026-08-01
54,Jez. Selmęt Wielki,SORDACHY,warmińsko-mazurskie,21.2,2026-08-01
55,Jez. Białe Augustowskie,PRZEWIĘŹ,podlaskie,22.4,2026-08-01
56,Jez. Rospuda Filipowska,WÓLKA,podlaskie,19.4,2026-08-01
57,Jez. Hańcza,WRÓBEL,podlaskie,20.7,2026-08-01
58,Jez. Rajgrodzkie,RAJGRÓD,podlaskie,21.5,2026-08-01
59,Jez. Wigry,WIGRY,podlaskie,22.5,2026-08-01
60,Jez. Studzieniczne,PRZEWIĘŹ,podlaskie,22.2,2026-08-01
61,Jez. Morskie Oko,MORSKIE OKO,małopolskie,14.3,2026-08-01
1,Morze Bałtyckie,ŚWINOUJŚCIE,zachodniopomorskie,20.1,2026-08-02
2,Morze Bałtyckie,KOŁOBRZEG,zachodniopomorskie,18.9,2026-08-02
3,Morze Bałtyckie,DARŁOWO,zachodniopomorskie,18.6,2026-08-02
4,Morze Bałtyckie,USTKA,pomorskie,18.5,2026-08-02
5,Morze Bałtyckie,ŁEBA,pomorskie,20.1,2026-08-02
6,Morze Bałtyckie,DĘBKI,pomorskie,19.6,2026-08-02
7,Morze Bałtyckie,WŁADYSŁAWOWO,pomorskie,19.3,2026-08-02
8,Morze Bałtyckie,HEL,pomorskie,18.5,2026-08-02
9,Morze Bałtyckie,PUCK,pomorskie,20.8,2026-08-02
10,Morze Bałtyckie,GDYNIA,pomorskie,18.7,2026-08-02
11,Morze Bałtyckie,GDAŃSK-PORT PÓŁNOCNY,pomorskie,19.1,2026-08-02
12,Morze Bałtyckie,NOWY ŚWIAT - UJŚCIE,pomorskie,17.5,2026-08-02
13,Zalew Wiślany,NOWY ŚWIAT - ZALEW,pomorskie,18.6,2026-08-02
14,Zalew Wiślany,KRYNICA MORSKA,pomorskie,20.8,2026-08-02
15,Zalew Wiślany,OSŁONKA,pomorskie,brak danych,2026-08-02
16,Elbląg,NOWAKOWO,warmińsko-mazurskie,brak danych,2026-08-02
17,Zalew Wiślany,TOLKMICKO,warmińsko-mazurskie,20.2,2026-08-02
18,Zalew Wiślany,NOWA PASŁĘKA,warmińsko-mazurskie,19.6,2026-08-02
19,Cieśnina Dziwna,WOLIN,zachodniopomorskie,21.3,2026-08-02
20,Jez. Morzycko,PRZYJEZIERZE,zachodniopomorskie,22.6,2026-08-02
21,Jez. Ińsko,IŃSKO,zachodniopomorskie,21.2,2026-08-02
22,Jez. Lubie,LUBIESZEWO,zachodniopomorskie,20.4,2026-08-02
23,Jez. Ostrowite,WYSPA POKRZYWKA,zachodniopomorskie,22.3,2026-08-02
24,Jez. Jamno,UNIEŚCIE,zachodniopomorskie,20.6,2026-08-02
25,Jez. Komorze,SIKORY,zachodniopomorskie,20.8,2026-08-02
26,Jez. Drawsko,CZAPLINEK,zachodniopomorskie,20.3,2026-08-02
27,Jez. Bytyń Wielki,NAKIELNO,zachodniopomorskie,brak danych,2026-08-02
28,Jez. Gardno,GARDNA WIELKA,pomorskie,21.0,2026-08-02
29,Jez. Łebsko,IZBICA,pomorskie,17.6,2026-08-02
30,Jez. Jasień Pd.,JASIEŃ,pomorskie,21.0,2026-08-02
31,Jez. Charzykowskie,CHARZYKOWY,pomorskie,brak danych,2026-08-02
32,Jez. Wdzydze,JEZIORNA,pomorskie,21.4,2026-08-02
33,Jez. Raduńskie Górne,BORUCINO,pomorskie,20.1,2026-08-02
34,Jez. Ostrzyckie,OSTRZYCE,pomorskie,20.7,2026-08-02
35,Jez. Dzierzgoń,PRABUTY,pomorskie,20.9,2026-08-02
36,Jez. Żabie,ŁUGI,lubuskie,20.9,2026-08-02
37,Jez. Niesłysz,PRZEŁAZY,lubuskie,23.0,2026-08-02
38,Jez. Sławskie,RADZYŃ,lubuskie,23.1,2026-08-02
39,Jez. Sławianowskie,BUNTOWO,wielkopolskie,21.3,2026-08-02
40,Jez. Powidzkie,POWIDZ,wielkopolskie,brak danych,2026-08-02
41,Jez. Sępoleńskie,SĘPÓLNO KRAJEŃSKIE,kujawsko-pomorskie,21.3,2026-08-02
42,Jez. Gopło,KRUSZWICA,kujawsko-pomorskie,23.3,2026-08-02
43,Jez. Bachotek,BACHOTEK,kujawsko-pomorskie,21.3,2026-08-02
44,Jez. Druzno,ŻUKOWO,warmińsko-mazurskie,19.5,2026-08-02
45,Jez. Jeziorak,IŁAWA,warmińsko-mazurskie,21.4,2026-08-02
46,Jez. Dadaj,DADAJ,warmińsko-mazurskie,21.7,2026-08-02
47,Jez. Nidzkie,RUCIANE-NIDA,warmińsko-mazurskie,23.0,2026-08-02
48,Jez. Mikołajskie,MIKOŁAJKI,warmińsko-mazurskie,20.8,2026-08-02
49,Jez. Śniardwy,GŁODOWO,warmińsko-mazurskie,22.2,2026-08-02
50,Jez. Roś,MALDANIN,warmińsko-mazurskie,22.4,2026-08-02
51,Jez. Mamry,PRZYSTAŃ,warmińsko-mazurskie,21.0,2026-08-02
52,Jez. Litygajno,BORKI,warmińsko-mazurskie,20.7,2026-08-02
53,Jez. Ełckie,EŁK,warmińsko-mazurskie,22.3,2026-08-02
54,Jez. Selmęt Wielki,SORDACHY,warmińsko-mazurskie,21.4,2026-08-02
55,Jez. Białe Augustowskie,PRZEWIĘŹ,podlaskie,22.3,2026-08-02
56,Jez. Rospuda Filipowska,WÓLKA,podlaskie,19.9,2026-08-02
57,Jez. Hańcza,WRÓBEL,podlaskie,21.2,2026-08-02
58,Jez. Rajgrodzkie,RAJGRÓD,podlaskie,21.7,2026-08-02
59,Jez. Wigry,WIGRY,podlaskie,22.4,2026-08-02
60,Jez. Studzieniczne,PRZEWIĘŹ,podlaskie,22.0,2026-08-02
61,Jez. Morskie Oko,MORSKIE OKO,małopolskie,14.6,2026-08-02
1,Morze Bałtyckie,ŚWINOUJŚCIE,zachodniopomorskie,20.6,2026-08-03
2,Morze Bałtyckie,KOŁOBRZEG,zachodniopomorskie,19.1,2026-08-03
3,Morze Bałtyckie,DARŁOWO,zachodniopomorskie,18.9,2026-08-03
4,Morze Bałtyckie,USTKA,pomorskie,17.9,2026-08-03
5,Morze Bałtyckie,ŁEBA,pomorskie,20.6,2026-08-03
6,Morze Bałtyckie,DĘBKI,pomorskie,19.2,2026-08-03
7,Morze Bałtyckie,WŁADYSŁAWOWO,pomorskie,19.5,2026-08-03
8,Morze Bałtyckie,HEL,pomorskie,18.5,2026-08-03
9,Morze Bałtyckie,PUCK,pomorskie,20.6,2026-08-03
10,Morze Bałtyckie,GDYNIA,pomorskie,19.1,2026-08-03
11,Morze Bałtyckie,GDAŃSK-PORT PÓŁNOCNY,pomorskie,19.6,2026-08-03
12,Morze Bałtyckie,NOWY ŚWIAT - UJŚCIE,pomorskie,18.1,2026-08-03
13,Zalew Wiślany,NOWY ŚWIAT - ZALEW,pomorskie,19.3,2026-08-03
14,Zalew Wiślany,KRYNICA MORSKA,pomorskie,20.7,2026-08-03
15,Zalew Wiślany,OSŁONKA,pomorskie,brak danych,2026-08-03
16,Elbląg,NOWAKOWO,warmińsko-mazurskie,brak danych,2026-08-03
17,Zalew Wiślany,TOLKMICKO,warmińsko-mazurskie,20.5,2026-08-03
18,Zalew Wiślany,NOWA PASŁĘKA,warmińsko-mazurskie,20.0,2026-08-03
19,Cieśnina Dziwna,WOLIN,zachodniopomorskie,21.3,2026-08-03
20,Jez. Morzycko,PRZYJEZIERZE,zachodniopomorskie,22.2,2026-08-03
21,Jez. Ińsko,IŃSKO,zachodniopomorskie,21.2,2026-08-03
22,Jez. Lubie,LUBIESZEWO,zachodniopomorskie,22.0,2026-08-03
23,Jez. Ostrowite,WYSPA POKRZYWKA,zachodniopomorskie,22.0,2026-08-03
24,Jez. Jamno,UNIEŚCIE,zachodniopomorskie,21.6,2026-08-03
25,Jez. Komorze,SIKORY,zachodniopomorskie,21.3,2026-08-03
26,Jez. Drawsko,CZAPLINEK,zachodniopomorskie,20.4,2026-08-03
27,Jez. Bytyń Wielki,NAKIELNO,zachodniopomorskie,brak danych,2026-08-03
28,Jez. Gardno,GARDNA WIELKA,pomorskie,21.2,2026-08-03
29,Jez. Łebsko,IZBICA,pomorskie,17.6,2026-08-03
30,Jez. Jasień Pd.,JASIEŃ,pomorskie,brak danych,2026-08-03
31,Jez. Charzykowskie,CHARZYKOWY,pomorskie,21.6,2026-08-03
32,Jez. Wdzydze,JEZIORNA,pomorskie,21.9,2026-08-03
33,Jez. Raduńskie Górne,BORUCINO,pomorskie,20.3,2026-08-03
34,Jez. Ostrzyckie,OSTRZYCE,pomorskie,20.6,2026-08-03
35,Jez. Dzierzgoń,PRABUTY,pomorskie,21.4,2026-08-03
36,Jez. Żabie,ŁUGI,lubuskie,21.0,2026-08-03
37,Jez. Niesłysz,PRZEŁAZY,lubuskie,23.0,2026-08-03
38,Jez. Sławskie,RADZYŃ,lubuskie,22.5,2026-08-03
39,Jez. Sławianowskie,BUNTOWO,wielkopolskie,21.4,2026-08-03
40,Jez. Powidzkie,POWIDZ,wielkopolskie,22.1,2026-08-03
41,Jez. Sępoleńskie,SĘPÓLNO KRAJEŃSKIE,kujawsko-pomorskie,22.0,2026-08-03
42,Jez. Gopło,KRUSZWICA,kujawsko-pomorskie,23.2,2026-08-03
43,Jez. Bachotek,BACHOTEK,kujawsko-pomorskie,21.7,2026-08-03
44,Jez. Druzno,ŻUKOWO,warmińsko-mazurskie,19.5,2026-08-03
45,Jez. Jeziorak,IŁAWA,warmińsko-mazurskie,22.1,2026-08-03
46,Jez. Dadaj,DADAJ,warmińsko-mazurskie,21.3,2026-08-03
47,Jez. Nidzkie,RUCIANE-NIDA,warmińsko-mazurskie,23.2,2026-08-03
48,Jez. Mikołajskie,MIKOŁAJKI,warmińsko-mazurskie,21.0,2026-08-03
49,Jez. Śniardwy,GŁODOWO,warmińsko-mazurskie,21.2,2026-08-03
50,Jez. Roś,MALDANIN,warmińsko-mazurskie,22.3,2026-08-03
51,Jez. Mamry,PRZYSTAŃ,warmińsko-mazurskie,20.2,2026-08-03
52,Jez. Litygajno,BORKI,warmińsko-mazurskie,20.7,2026-08-03
53,Jez. Ełckie,EŁK,warmińsko-mazurskie,21.3,2026-08-03
54,Jez. Selmęt Wielki,SORDACHY,warmińsko-mazurskie,21.1,2026-08-03
55,Jez. Białe Augustowskie,PRZEWIĘŹ,podlaskie,21.8,2026-08-03
56,Jez. Rospuda Filipowska,WÓLKA,podlaskie,19.5,2026-08-03
57,Jez. Hańcza,WRÓBEL,podlaskie,20.8,2026-08-03
58,Jez. Rajgrodzkie,RAJGRÓD,podlaskie,21.3,2026-08-03
59,Jez. Wigry,WIGRY,podlaskie,21.6,2026-08-03
60,Jez. Studzieniczne,PRZEWIĘŹ,podlaskie,21.3,2026-08-03
61,Jez. Morskie Oko,MORSKIE OKO,małopolskie,15.5,2026-08-03
1,Morze Bałtyckie,ŚWINOUJŚCIE,zachodniopomorskie,20.2,2026-08-04
2,Morze Bałtyckie,KOŁOBRZEG,zachodniopomorskie,19.2,2026-08-04
3,Morze Bałtyckie,DARŁOWO,zachodniopomorskie,18.5,2026-08-04
4,Morze Bałtyckie,USTKA,pomorskie,18.1,2026-08-04
5,Morze Bałtyckie,ŁEBA,pomorskie,20.6,2026-08-04
6,Morze Bałtyckie,DĘBKI,pomorskie,brak danych,2026-08-04
7,Morze Bałtyckie,WŁADYSŁAWOWO,pomorskie,20.0,2026-08-04
8,Morze Bałtyckie,HEL,pomorskie,18.6,2026-08-04
9,Morze Bałtyckie,PUCK,pomorskie,21.2,2026-08-04
10,Morze Bałtyckie,GDYNIA,pomorskie,19.8,2026-08-04
11,Morze Bałtyckie,GDAŃSK-PORT PÓŁNOCNY,pomorskie,20.0,2026-08-04
12,Morze Bałtyckie,NOWY ŚWIAT - UJŚCIE,pomorskie,17.4,2026-08-04
13,Zalew Wiślany,NOWY ŚWIAT - ZALEW,pomorskie,18.9,2026-08-04
14,Zalew Wiślany,KRYNICA MORSKA,pomorskie,21.2,2026-08-04
15,Zalew Wiślany,OSŁONKA,pomorskie,brak danych,2026-08-04
16,Elbląg,NOWAKOWO,warmińsko-mazurskie,brak danych,2026-08-04
17,Zalew Wiślany,TOLKMICKO,warmińsko-mazurskie,21.0,2026-08-04
18,Zalew Wiślany,NOWA PASŁĘKA,warmińsko-mazurskie,20.9,2026-08-04
19,Cieśnina Dziwna,WOLIN,zachodniopomorskie,21.9,2026-08-04
20,Jez. Morzycko,PRZYJEZIERZE,zachodniopomorskie,28.8,2026-08-04
21,Jez. Ińsko,IŃSKO,zachodniopomorskie,21.2,2026-08-04
22,Jez. Lubie,LUBIESZEWO,zachodniopomorskie,21.6,2026-08-04
23,Jez. Ostrowite,WYSPA POKRZYWKA,zachodniopomorskie,22.6,2026-08-04
24,Jez. Jamno,UNIEŚCIE,zachodniopomorskie,21.8,2026-08-04
25,Jez. Komorze,SIKORY,zachodniopomorskie,21.6,2026-08-04
26,Jez. Drawsko,CZAPLINEK,zachodniopomorskie,20.2,2026-08-04
27,Jez. Bytyń Wielki,NAKIELNO,zachodniopomorskie,23.7,2026-08-04
28,Jez. Gardno,GARDNA WIELKA,pomorskie,20.8,2026-08-04
29,Jez. Łebsko,IZBICA,pomorskie,17.9,2026-08-04
30,Jez. Jasień Pd.,JASIEŃ,pomorskie,21.6,2026-08-04
31,Jez. Charzykowskie,CHARZYKOWY,pomorskie,21.3,2026-08-04
32,Jez. Wdzydze,JEZIORNA,pomorskie,21.7,2026-08-04
33,Jez. Raduńskie Górne,BORUCINO,pomorskie,20.0,2026-08-04
34,Jez. Ostrzyckie,OSTRZYCE,pomorskie,20.7,2026-08-04
35,Jez. Dzierzgoń,PRABUTY,pomorskie,22.4,2026-08-04
36,Jez. Żabie,ŁUGI,lubuskie,21.2,2026-08-04
37,Jez. Niesłysz,PRZEŁAZY,lubuskie,23.3,2026-08-04
38,Jez. Sławskie,RADZYŃ,lubuskie,23.1,2026-08-04
39,Jez. Sławianowskie,BUNTOWO,wielkopolskie,22.1,2026-08-04
40,Jez. Powidzkie,POWIDZ,wielkopolskie,22.7,2026-08-04
41,Jez. Sępoleńskie,SĘPÓLNO KRAJEŃSKIE,kujawsko-pomorskie,23.2,2026-08-04
42,Jez. Gopło,KRUSZWICA,kujawsko-pomorskie,24.1,2026-08-04
43,Jez. Bachotek,BACHOTEK,kujawsko-pomorskie,22.7,2026-08-04
44,Jez. Druzno,ŻUKOWO,warmińsko-mazurskie,19.7,2026-08-04
45,Jez. Jeziorak,IŁAWA,warmińsko-mazurskie,22.6,2026-08-04
46,Jez. Dadaj,DADAJ,warmińsko-mazurskie,21.5,2026-08-04
47,Jez. Nidzkie,RUCIANE-NIDA,warmińsko-mazurskie,21.4,2026-08-04
48,Jez. Mikołajskie,MIKOŁAJKI,warmińsko-mazurskie,21.8,2026-08-04
49,Jez. Śniardwy,GŁODOWO,warmińsko-mazurskie,21.9,2026-08-04
50,Jez. Roś,MALDANIN,warmińsko-mazurskie,22.6,2026-08-04
51,Jez. Mamry,PRZYSTAŃ,warmińsko-mazurskie,20.8,2026-08-04
52,Jez. Litygajno,BORKI,warmińsko-mazurskie,21.8,2026-08-04
53,Jez. Ełckie,EŁK,warmińsko-mazurskie,21.5,2026-08-04
54,Jez. Selmęt Wielki,SORDACHY,warmińsko-mazurskie,21.3,2026-08-04
55,Jez. Białe Augustowskie,PRZEWIĘŹ,podlaskie,22.4,2026-08-04
56,Jez. Rospuda Filipowska,WÓLKA,podlaskie,19.8,2026-08-04
57,Jez. Hańcza,WRÓBEL,podlaskie,21.7,2026-08-04
58,Jez. Rajgrodzkie,RAJGRÓD,podlaskie,21.3,2026-08-04
59,Jez. Wigry,WIGRY,podlaskie,22.1,2026-08-04
60,Jez. Studzieniczne,PRZEWIĘŹ,podlaskie,22.4,2026-08-04
61,Jez. Morskie Oko,MORSKIE OKO,małopolskie,15.2,2026-08-04
1,Morze Bałtyckie,ŚWINOUJŚCIE,zachodniopomorskie,20.7,2026-08-05
2,Morze Bałtyckie,KOŁOBRZEG,zachodniopomorskie,18.8,2026-08-05
3,Morze Bałtyckie,DARŁOWO,zachodniopomorskie,18.5,2026-08-05
4,Morze Bałtyckie,USTKA,pomorskie,18.5,2026-08-05
5,Morze Bałtyckie,ŁEBA,pomorskie,20.6,2026-08-05
6,Morze Bałtyckie,DĘBKI,pomorskie,brak danych,2026-08-05
7,Morze Bałtyckie,WŁADYSŁAWOWO,pomorskie,19.0,2026-08-05
8,Morze Bałtyckie,HEL,pomorskie,19.2,2026-08-05
9,Morze Bałtyckie,PUCK,pomorskie,21.4,2026-08-05
10,Morze Bałtyckie,GDYNIA,pomorskie,20.1,2026-08-05
11,Morze Bałtyckie,GDAŃSK-PORT PÓŁNOCNY,pomorskie,19.8,2026-08-05
12,Morze Bałtyckie,NOWY ŚWIAT - UJŚCIE,pomorskie,17.3,2026-08-05
13,Zalew Wiślany,NOWY ŚWIAT - ZALEW,pomorskie,19.0,2026-08-05
14,Zalew Wiślany,KRYNICA MORSKA,pomorskie,21.8,2026-08-05
15,Zalew Wiślany,OSŁONKA,pomorskie,brak danych,2026-08-05
16,Elbląg,NOWAKOWO,warmińsko-mazurskie,brak danych,2026-08-05
17,Zalew Wiślany,TOLKMICKO,warmińsko-mazurskie,21.7,2026-08-05
18,Zalew Wiślany,NOWA PASŁĘKA,warmińsko-mazurskie,21.8,2026-08-05
19,Cieśnina Dziwna,WOLIN,zachodniopomorskie,21.9,2026-08-05
20,Jez. Morzycko,PRZYJEZIERZE,zachodniopomorskie,22.8,2026-08-05
21,Jez. Ińsko,IŃSKO,zachodniopomorskie,21.8,2026-08-05
22,Jez. Lubie,LUBIESZEWO,zachodniopomorskie,22.2,2026-08-05
23,Jez. Ostrowite,WYSPA POKRZYWKA,zachodniopomorskie,22.9,2026-08-05
24,Jez. Jamno,UNIEŚCIE,zachodniopomorskie,22.0,2026-08-05
25,Jez. Komorze,SIKORY,zachodniopomorskie,22.2,2026-08-05
26,Jez. Drawsko,CZAPLINEK,zachodniopomorskie,20.9,2026-08-05
27,Jez. Bytyń Wielki,NAKIELNO,zachodniopomorskie,23.9,2026-08-05
28,Jez. Gardno,GARDNA WIELKA,pomorskie,21.0,2026-08-05
29,Jez. Łebsko,IZBICA,pomorskie,18.1,2026-08-05
30,Jez. Jasień Pd.,JASIEŃ,pomorskie,22.8,2026-08-05
31,Jez. Charzykowskie,CHARZYKOWY,pomorskie,22.7,2026-08-05
32,Jez. Wdzydze,JEZIORNA,pomorskie,22.7,2026-08-05
33,Jez. Raduńskie Górne,BORUCINO,pomorskie,20.0,2026-08-05
34,Jez. Ostrzyckie,OSTRZYCE,pomorskie,21.1,2026-08-05
35,Jez. Dzierzgoń,PRABUTY,pomorskie,23.7,2026-08-05
36,Jez. Żabie,ŁUGI,lubuskie,21.5,2026-08-05
37,Jez. Niesłysz,PRZEŁAZY,lubuskie,23.9,2026-08-05
38,Jez. Sławskie,RADZYŃ,lubuskie,23.6,2026-08-05
39,Jez. Sławianowskie,BUNTOWO,wielkopolskie,23.5,2026-08-05
40,Jez. Powidzkie,POWIDZ,wielkopolskie,23.7,2026-08-05
41,Jez. Sępoleńskie,SĘPÓLNO KRAJEŃSKIE,kujawsko-pomorskie,23.4,2026-08-05
42,Jez. Gopło,KRUSZWICA,kujawsko-pomorskie,24.5,2026-08-05
43,Jez. Bachotek,BACHOTEK,kujawsko-pomorskie,23.2,2026-08-05
44,Jez. Druzno,ŻUKOWO,warmińsko-mazurskie,20.0,2026-08-05
45,Jez. Jeziorak,IŁAWA,warmińsko-mazurskie,23.9,2026-08-05
46,Jez. Dadaj,DADAJ,warmińsko-mazurskie,23.5,2026-08-05
47,Jez. Nidzkie,RUCIANE-NIDA,warmińsko-mazurskie,23.3,2026-08-05
48,Jez. Mikołajskie,MIKOŁAJKI,warmińsko-mazurskie,22.7,2026-08-05
49,Jez. Śniardwy,GŁODOWO,warmińsko-mazurskie,23.8,2026-08-05
50,Jez. Roś,MALDANIN,warmińsko-mazurskie,23.8,2026-08-05
51,Jez. Mamry,PRZYSTAŃ,warmińsko-mazurskie,22.3,2026-08-05
52,Jez. Litygajno,BORKI,warmińsko-mazurskie,23.4,2026-08-05
53,Jez. Ełckie,EŁK,warmińsko-mazurskie,22.6,2026-08-05
54,Jez. Selmęt Wielki,SORDACHY,warmińsko-mazurskie,22.8,2026-08-05
55,Jez. Białe Augustowskie,PRZEWIĘŹ,podlaskie,23.1,2026-08-05
56,Jez. Rospuda Filipowska,WÓLKA,podlaskie,20.6,2026-08-05
57,Jez. Hańcza,WRÓBEL,podlaskie,22.9,2026-08-05
58,Jez. Rajgrodzkie,RAJGRÓD,podlaskie,22.1,2026-08-05
59,Jez. Wigry,WIGRY,podlaskie,23.3,2026-08-05
60,Jez. Studzieniczne,PRZEWIĘŹ,podlaskie,23.7,2026-08-05
61,Jez. Morskie Oko,MORSKIE OKO,małopolskie,15.6,2026-08-05
1,Morze Bałtyckie,ŚWINOUJŚCIE,zachodniopomorskie,21.5,2026-08-06
2,Morze Bałtyckie,KOŁOBRZEG,zachodniopomorskie,19.4,2026-08-06
3,Morze Bałtyckie,DARŁOWO,zachodniopomorskie,18.6,2026-08-06
4,Morze Bałtyckie,USTKA,pomorskie,19.3,2026-08-06
5,Morze Bałtyckie,ŁEBA,pomorskie,23.0,2026-08-06
6,Morze Bałtyckie,DĘBKI,pomorskie,brak danych,2026-08-06
7,Morze Bałtyckie,WŁADYSŁAWOWO,pomorskie,19.1,2026-08-06
8,Morze Bałtyckie,HEL,pomorskie,20.7,2026-08-06
9,Morze Bałtyckie,PUCK,pomorskie,21.6,2026-08-06
10,Morze Bałtyckie,GDYNIA,pomorskie,20.7,2026-08-06
11,Morze Bałtyckie,GDAŃSK-PORT PÓŁNOCNY,pomorskie,20.1,2026-08-06
12,Morze Bałtyckie,NOWY ŚWIAT - UJŚCIE,pomorskie,19.0,2026-08-06
13,Zalew Wiślany,NOWY ŚWIAT - ZALEW,pomorskie,19.9,2026-08-06
14,Zalew Wiślany,KRYNICA MORSKA,pomorskie,22.4,2026-08-06
15,Zalew Wiślany,OSŁONKA,pomorskie,brak danych,2026-08-06
16,Elbląg,NOWAKOWO,warmińsko-mazurskie,brak danych,2026-08-06
17,Zalew Wiślany,TOLKMICKO,warmińsko-mazurskie,24.2,2026-08-06
18,Zalew Wiślany,NOWA PASŁĘKA,warmińsko-mazurskie,21.7,2026-08-06
19,Cieśnina Dziwna,WOLIN,zachodniopomorskie,23.4,2026-08-06
20,Jez. Morzycko,PRZYJEZIERZE,zachodniopomorskie,23.6,2026-08-06
21,Jez. Ińsko,IŃSKO,zachodniopomorskie,23.0,2026-08-06
22,Jez. Lubie,LUBIESZEWO,zachodniopomorskie,23.8,2026-08-06
23,Jez. Ostrowite,WYSPA POKRZYWKA,zachodniopomorskie,23.9,2026-08-06
24,Jez. Jamno,UNIEŚCIE,zachodniopomorskie,brak danych,2026-08-06
25,Jez. Komorze,SIKORY,zachodniopomorskie,23.2,2026-08-06
26,Jez. Drawsko,CZAPLINEK,zachodniopomorskie,22.9,2026-08-06
27,Jez. Bytyń Wielki,NAKIELNO,zachodniopomorskie,24.0,2026-08-06
28,Jez. Gardno,GARDNA WIELKA,pomorskie,21.4,2026-08-06
29,Jez. Łebsko,IZBICA,pomorskie,18.8,2026-08-06
30,Jez. Jasień Pd.,JASIEŃ,pomorskie,23.4,2026-08-06
31,Jez. Charzykowskie,CHARZYKOWY,pomorskie,24.1,2026-08-06
32,Jez. Wdzydze,JEZIORNA,pomorskie,23.6,2026-08-06
33,Jez. Raduńskie Górne,BORUCINO,pomorskie,21.9,2026-08-06
34,Jez. Ostrzyckie,OSTRZYCE,pomorskie,22.2,2026-08-06
35,Jez. Dzierzgoń,PRABUTY,pomorskie,23.1,2026-08-06
36,Jez. Żabie,ŁUGI,lubuskie,22.4,2026-08-06
37,Jez. Niesłysz,PRZEŁAZY,lubuskie,24.5,2026-08-06
38,Jez. Sławskie,RADZYŃ,lubuskie,25.5,2026-08-06
39,Jez. Sławianowskie,BUNTOWO,wielkopolskie,24.4,2026-08-06
40,Jez. Powidzkie,POWIDZ,wielkopolskie,24.0,2026-08-06
41,Jez. Sępoleńskie,SĘPÓLNO KRAJEŃSKIE,kujawsko-pomorskie,24.1,2026-08-06
42,Jez. Gopło,KRUSZWICA,kujawsko-pomorskie,25.0,2026-08-06
43,Jez. Bachotek,BACHOTEK,kujawsko-pomorskie,25.0,2026-08-06
44,Jez. Druzno,ŻUKOWO,warmińsko-mazurskie,20.3,2026-08-06
45,Jez. Jeziorak,IŁAWA,warmińsko-mazurskie,24.0,2026-08-06
46,Jez. Dadaj,DADAJ,warmińsko-mazurskie,25.4,2026-08-06
47,Jez. Nidzkie,RUCIANE-NIDA,warmińsko-mazurskie,25.7,2026-08-06
48,Jez. Mikołajskie,MIKOŁAJKI,warmińsko-mazurskie,24.0,2026-08-06
49,Jez. Śniardwy,GŁODOWO,warmińsko-mazurskie,26.0,2026-08-06
50,Jez. Roś,MALDANIN,warmińsko-mazurskie,25.2,2026-08-06
51,Jez. Mamry,PRZYSTAŃ,warmińsko-mazurskie,23.4,2026-08-06
52,Jez. Litygajno,BORKI,warmińsko-mazurskie,24.6,2026-08-06
53,Jez. Ełckie,EŁK,warmińsko-mazurskie,24.9,2026-08-06
54,Jez. Selmęt Wielki,SORDACHY,warmińsko-mazurskie,24.5,2026-08-06
55,Jez. Białe Augustowskie,PRZEWIĘŹ,podlaskie,24.1,2026-08-06
56,Jez. Rospuda Filipowska,WÓLKA,podlaskie,23.2,2026-08-06
57,Jez. Hańcza,WRÓBEL,podlaskie,23.3,2026-08-06
58,Jez. Rajgrodzkie,RAJGRÓD,podlaskie,24.4,2026-08-06
59,Jez. Wigry,WIGRY,podlaskie,brak danych,2026-08-06
60,Jez. Studzieniczne,PRZEWIĘŹ,podlaskie,24.2,2026-08-06
61,Jez. Morskie Oko,MORSKIE OKO,małopolskie,16.3,2026-08-06
1,Morze Bałtyckie,ŚWINOUJŚCIE,zachodniopomorskie,21.7,2026-08-07
2,Morze Bałtyckie,KOŁOBRZEG,zachodniopomorskie,19.6,2026-08-07
3,Morze Bałtyckie,DARŁOWO,zachodniopomorskie,18.6,2026-08-07
4,Morze Bałtyckie,USTKA,pomorskie,19.1,2026-08-07
5,Morze Bałtyckie,ŁEBA,pomorskie,21.0,2026-08-07
6,Morze Bałtyckie,DĘBKI,pomorskie,brak danych,2026-08-07
7,Morze Bałtyckie,WŁADYSŁAWOWO,pomorskie,19.5,2026-08-07
8,Morze Bałtyckie,HEL,pomorskie,20.4,2026-08-07
9,Morze Bałtyckie,PUCK,pomorskie,22.0,2026-08-07
10,Morze Bałtyckie,GDYNIA,pomorskie,20.6,2026-08-07
11,Morze Bałtyckie,GDAŃSK-PORT PÓŁNOCNY,pomorskie,20.4,2026-08-07
12,Morze Bałtyckie,NOWY ŚWIAT - UJŚCIE,pomorskie,20.0,2026-08-07
13,Zalew Wiślany,NOWY ŚWIAT - ZALEW,pomorskie,19.5,2026-08-07
14,Zalew Wiślany,KRYNICA MORSKA,pomorskie,22.0,2026-08-07
15,Zalew Wiślany,OSŁONKA,pomorskie,brak danych,2026-08-07
16,Elbląg,NOWAKOWO,warmińsko-mazurskie,brak danych,2026-08-07
17,Zalew Wiślany,TOLKMICKO,warmińsko-mazurskie,23.1,2026-08-07
18,Zalew Wiślany,NOWA PASŁĘKA,warmińsko-mazurskie,21.0,2026-08-07
19,Cieśnina Dziwna,WOLIN,zachodniopomorskie,22.3,2026-08-07
20,Jez. Morzycko,PRZYJEZIERZE,zachodniopomorskie,22.8,2026-08-07
21,Jez. Ińsko,IŃSKO,zachodniopomorskie,22.4,2026-08-07
22,Jez. Lubie,LUBIESZEWO,zachodniopomorskie,23.2,2026-08-07
23,Jez. Ostrowite,WYSPA POKRZYWKA,zachodniopomorskie,23.6,2026-08-07
24,Jez. Jamno,UNIEŚCIE,zachodniopomorskie,22.0,2026-08-07
25,Jez. Komorze,SIKORY,zachodniopomorskie,22.6,2026-08-07
26,Jez. Drawsko,CZAPLINEK,zachodniopomorskie,22.3,2026-08-07
27,Jez. Bytyń Wielki,NAKIELNO,zachodniopomorskie,23.9,2026-08-07
28,Jez. Gardno,GARDNA WIELKA,pomorskie,21.1,2026-08-07
29,Jez. Łebsko,IZBICA,pomorskie,18.9,2026-08-07
30,Jez. Jasień Pd.,JASIEŃ,pomorskie,22.6,2026-08-07
31,Jez. Charzykowskie,CHARZYKOWY,pomorskie,23.0,2026-08-07
32,Jez. Wdzydze,JEZIORNA,pomorskie,brak danych,2026-08-07
33,Jez. Raduńskie Górne,BORUCINO,pomorskie,20.3,2026-08-07
34,Jez. Ostrzyckie,OSTRZYCE,pomorskie,22.4,2026-08-07
35,Jez. Dzierzgoń,PRABUTY,pomorskie,23.0,2026-08-07
36,Jez. Żabie,ŁUGI,lubuskie,22.3,2026-08-07
37,Jez. Niesłysz,PRZEŁAZY,lubuskie,23.9,2026-08-07
38,Jez. Sławskie,RADZYŃ,lubuskie,25.4,2026-08-07
39,Jez. Sławianowskie,BUNTOWO,wielkopolskie,22.6,2026-08-07
40,Jez. Powidzkie,POWIDZ,wielkopolskie,23.1,2026-08-07
41,Jez. Sępoleńskie,SĘPÓLNO KRAJEŃSKIE,kujawsko-pomorskie,24.4,2026-08-07
42,Jez. Gopło,KRUSZWICA,kujawsko-pomorskie,24.8,2026-08-07
43,Jez. Bachotek,BACHOTEK,kujawsko-pomorskie,23.2,2026-08-07
44,Jez. Druzno,ŻUKOWO,warmińsko-mazurskie,20.7,2026-08-07
45,Jez. Jeziorak,IŁAWA,warmińsko-mazurskie,23.4,2026-08-07
46,Jez. Dadaj,DADAJ,warmińsko-mazurskie,24.7,2026-08-07
47,Jez. Nidzkie,RUCIANE-NIDA,warmińsko-mazurskie,25.9,2026-08-07
48,Jez. Mikołajskie,MIKOŁAJKI,warmińsko-mazurskie,22.6,2026-08-07
49,Jez. Śniardwy,GŁODOWO,warmińsko-mazurskie,25.1,2026-08-07
50,Jez. Roś,MALDANIN,warmińsko-mazurskie,25.7,2026-08-07
51,Jez. Mamry,PRZYSTAŃ,warmińsko-mazurskie,22.6,2026-08-07
52,Jez. Litygajno,BORKI,warmińsko-mazurskie,22.4,2026-08-07
53,Jez. Ełckie,EŁK,warmińsko-mazurskie,24.5,2026-08-07
54,Jez. Selmęt Wielki,SORDACHY,warmińsko-mazurskie,23.3,2026-08-07
55,Jez. Białe Augustowskie,PRZEWIĘŹ,podlaskie,24.8,2026-08-07
56,Jez. Rospuda Filipowska,WÓLKA,podlaskie,22.4,2026-08-07
57,Jez. Hańcza,WRÓBEL,podlaskie,23.2,2026-08-07
58,Jez. Rajgrodzkie,RAJGRÓD,podlaskie,25.3,2026-08-07
59,Jez. Wigry,WIGRY,podlaskie,24.4,2026-08-07
60,Jez. Studzieniczne,PRZEWIĘŹ,podlaskie,24.3,2026-08-07
61,Jez. Morskie Oko,MORSKIE OKO,małopolskie,17.0,2026-08-07
1,Morze Bałtyckie,ŚWINOUJŚCIE,zachodniopomorskie,21.7,2026-08-07
2,Morze Bałtyckie,KOŁOBRZEG,zachodniopomorskie,19.6,2026-08-07
3,Morze Bałtyckie,DARŁOWO,zachodniopomorskie,18.6,2026-08-07
4,Morze Bałtyckie,USTKA,pomorskie,19.1,2026-08-07
5,Morze Bałtyckie,ŁEBA,pomorskie,21.0,2026-08-07
6,Morze Bałtyckie,DĘBKI,pomorskie,brak danych,2026-08-07
7,Morze Bałtyckie,WŁADYSŁAWOWO,pomorskie,19.5,2026-08-07
8,Morze Bałtyckie,HEL,pomorskie,20.4,2026-08-07
9,Morze Bałtyckie,PUCK,pomorskie,22.0,2026-08-07
10,Morze Bałtyckie,GDYNIA,pomorskie,20.6,2026-08-07
11,Morze Bałtyckie,GDAŃSK-PORT PÓŁNOCNY,pomorskie,20.4,2026-08-07
12,Morze Bałtyckie,NOWY ŚWIAT - UJŚCIE,pomorskie,20.0,2026-08-07
13,Zalew Wiślany,NOWY ŚWIAT - ZALEW,pomorskie,19.5,2026-08-07
14,Zalew Wiślany,KRYNICA MORSKA,pomorskie,22.0,2026-08-07
15,Zalew Wiślany,OSŁONKA,pomorskie,brak danych,2026-08-07
16,Elbląg,NOWAKOWO,warmińsko-mazurskie,brak danych,2026-08-07
17,Zalew Wiślany,TOLKMICKO,warmińsko-mazurskie,23.1,2026-08-07
18,Zalew Wiślany,NOWA PASŁĘKA,warmińsko-mazurskie,21.0,2026-08-07
19,Cieśnina Dziwna,WOLIN,zachodniopomorskie,22.3,2026-08-07
20,Jez. Morzycko,PRZYJEZIERZE,zachodniopomorskie,22.8,2026-08-07
21,Jez. Ińsko,IŃSKO,zachodniopomorskie,22.4,2026-08-07
22,Jez. Lubie,LUBIESZEWO,zachodniopomorskie,23.2,2026-08-07
23,Jez. Ostrowite,WYSPA POKRZYWKA,zachodniopomorskie,23.6,2026-08-07
24,Jez. Jamno,UNIEŚCIE,zachodniopomorskie,22.0,2026-08-07
25,Jez. Komorze,SIKORY,zachodniopomorskie,22.6,2026-08-07
26,Jez. Drawsko,CZAPLINEK,zachodniopomorskie,22.3,2026-08-07
27,Jez. Bytyń Wielki,NAKIELNO,zachodniopomorskie,23.9,2026-08-07
28,Jez. Gardno,GARDNA WIELKA,pomorskie,21.1,2026-08-07
29,Jez. Łebsko,IZBICA,pomorskie,18.9,2026-08-07
30,Jez. Jasień Pd.,JASIEŃ,pomorskie,22.6,2026-08-07
31,Jez. Charzykowskie,CHARZYKOWY,pomorskie,23.0,2026-08-07
32,Jez. Wdzydze,JEZIORNA,pomorskie,brak danych,2026-08-07
33,Jez. Raduńskie Górne,BORUCINO,pomorskie,20.3,2026-08-07
34,Jez. Ostrzyckie,OSTRZYCE,pomorskie,22.4,2026-08-07
35,Jez. Dzierzgoń,PRABUTY,pomorskie,23.0,2026-08-07
36,Jez. Żabie,ŁUGI,lubuskie,22.3,2026-08-07
37,Jez. Niesłysz,PRZEŁAZY,lubuskie,23.9,2026-08-07
38,Jez. Sławskie,RADZYŃ,lubuskie,25.4,2026-08-07
39,Jez. Sławianowskie,BUNTOWO,wielkopolskie,22.6,2026-08-07
40,Jez. Powidzkie,POWIDZ,wielkopolskie,23.1,2026-08-07
41,Jez. Sępoleńskie,SĘPÓLNO KRAJEŃSKIE,kujawsko-pomorskie,24.4,2026-08-07
42,Jez. Gopło,KRUSZWICA,kujawsko-pomorskie,24.8,2026-08-07
43,Jez. Bachotek,BACHOTEK,kujawsko-pomorskie,23.2,2026-08-07
44,Jez. Druzno,ŻUKOWO,warmińsko-mazurskie,20.7,2026-08-07
45,Jez. Jeziorak,IŁAWA,warmińsko-mazurskie,23.4,2026-08-07
46,Jez. Dadaj,DADAJ,warmińsko-mazurskie,24.7,2026-08-07
47,Jez. Nidzkie,RUCIANE-NIDA,warmińsko-mazurskie,25.9,2026-08-07
48,Jez. Mikołajskie,MIKOŁAJKI,warmińsko-mazurskie,22.6,2026-08-07
49,Jez. Śniardwy,GŁODOWO,warmińsko-mazurskie,25.1,2026-08-07
50,Jez. Roś,MALDANIN,warmińsko-mazurskie,25.7,2026-08-07
51,Jez. Mamry,PRZYSTAŃ,warmińsko-mazurskie,22.6,2026-08-07
52,Jez. Litygajno,BORKI,warmińsko-mazurskie,22.4,2026-08-07
53,Jez. Ełckie,EŁK,warmińsko-mazurskie,24.5,2026-08-07
54,Jez. Selmęt Wielki,SORDACHY,warmińsko-mazurskie,23.3,2026-08-07
55,Jez. Białe Augustowskie,PRZEWIĘŹ,podlaskie,24.8,2026-08-07
56,Jez. Rospuda Filipowska,WÓLKA,podlaskie,22.4,2026-08-07
57,Jez. Hańcza,WRÓBEL,podlaskie,23.2,2026-08-07
58,Jez. Rajgrodzkie,RAJGRÓD,podlaskie,25.3,2026-08-07
59,Jez. Wigry,WIGRY,podlaskie,24.4,2026-08-07
60,Jez. Studzieniczne,PRZEWIĘŹ,podlaskie,24.3,2026-08-07
61,Jez. Morskie Oko,MORSKIE OKO,małopolskie,17.0,2026-08-07
1,Morze Bałtyckie,ŚWINOUJŚCIE,zachodniopomorskie,20.2,2026-08-08
2,Morze Bałtyckie,KOŁOBRZEG,zachodniopomorskie,18.6,2026-08-08
3,Morze Bałtyckie,DARŁOWO,zachodniopomorskie,19.1,2026-08-08
4,Morze Bałtyckie,USTKA,pomorskie,18.3,2026-08-08
5,Morze Bałtyckie,ŁEBA,pomorskie,18.2,2026-08-08
6,Morze Bałtyckie,DĘBKI,pomorskie,19.2,2026-08-08
7,Morze Bałtyckie,WŁADYSŁAWOWO,pomorskie,19.3,2026-08-08
8,Morze Bałtyckie,HEL,pomorskie,19.1,2026-08-08
9,Morze Bałtyckie,PUCK,pomorskie,21.1,2026-08-08
10,Morze Bałtyckie,GDYNIA,pomorskie,19.7,2026-08-08
11,Morze Bałtyckie,GDAŃSK-PORT PÓŁNOCNY,pomorskie,19.7,2026-08-08
12,Morze Bałtyckie,NOWY ŚWIAT - UJŚCIE,pomorskie,20.6,2026-08-08
13,Zalew Wiślany,NOWY ŚWIAT - ZALEW,pomorskie,19.4,2026-08-08
14,Zalew Wiślany,KRYNICA MORSKA,pomorskie,20.6,2026-08-08
15,Zalew Wiślany,OSŁONKA,pomorskie,brak danych,2026-08-08
16,Elbląg,NOWAKOWO,warmińsko-mazurskie,brak danych,2026-08-08
17,Zalew Wiślany,TOLKMICKO,warmińsko-mazurskie,19.6,2026-08-08
18,Zalew Wiślany,NOWA PASŁĘKA,warmińsko-mazurskie,19.7,2026-08-08
19,Cieśnina Dziwna,WOLIN,zachodniopomorskie,21.8,2026-08-08
20,Jez. Morzycko,PRZYJEZIERZE,zachodniopomorskie,23.2,2026-08-08
21,Jez. Ińsko,IŃSKO,zachodniopomorskie,21.6,2026-08-08
22,Jez. Lubie,LUBIESZEWO,zachodniopomorskie,21.0,2026-08-08
23,Jez. Ostrowite,WYSPA POKRZYWKA,zachodniopomorskie,22.7,2026-08-08
24,Jez. Jamno,UNIEŚCIE,zachodniopomorskie,20.6,2026-08-08
25,Jez. Komorze,SIKORY,zachodniopomorskie,21.8,2026-08-08
26,Jez. Drawsko,CZAPLINEK,zachodniopomorskie,21.6,2026-08-08
27,Jez. Bytyń Wielki,NAKIELNO,zachodniopomorskie,23.6,2026-08-08
28,Jez. Gardno,GARDNA WIELKA,pomorskie,19.8,2026-08-08
29,Jez. Łebsko,IZBICA,pomorskie,17.8,2026-08-08
30,Jez. Jasień Pd.,JASIEŃ,pomorskie,21.8,2026-08-08
31,Jez. Charzykowskie,CHARZYKOWY,pomorskie,21.6,2026-08-08
32,Jez. Wdzydze,JEZIORNA,pomorskie,22.2,2026-08-08
33,Jez. Raduńskie Górne,BORUCINO,pomorskie,20.1,2026-08-08
34,Jez. Ostrzyckie,OSTRZYCE,pomorskie,21.1,2026-08-08
35,Jez. Dzierzgoń,PRABUTY,pomorskie,20.9,2026-08-08
36,Jez. Żabie,ŁUGI,lubuskie,21.8,2026-08-08
37,Jez. Niesłysz,PRZEŁAZY,lubuskie,23.9,2026-08-08
38,Jez. Sławskie,RADZYŃ,lubuskie,24.5,2026-08-08
39,Jez. Sławianowskie,BUNTOWO,wielkopolskie,21.8,2026-08-08
40,Jez. Powidzkie,POWIDZ,wielkopolskie,brak danych,2026-08-08
41,Jez. Sępoleńskie,SĘPÓLNO KRAJEŃSKIE,kujawsko-pomorskie,23.1,2026-08-08
42,Jez. Gopło,KRUSZWICA,kujawsko-pomorskie,23.0,2026-08-08
43,Jez. Bachotek,BACHOTEK,kujawsko-pomorskie,22.5,2026-08-08
44,Jez. Druzno,ŻUKOWO,warmińsko-mazurskie,20.5,2026-08-08
45,Jez. Jeziorak,IŁAWA,warmińsko-mazurskie,22.9,2026-08-08
46,Jez. Dadaj,DADAJ,warmińsko-mazurskie,23.2,2026-08-08
47,Jez. Nidzkie,RUCIANE-NIDA,warmińsko-mazurskie,24.2,2026-08-08
48,Jez. Mikołajskie,MIKOŁAJKI,warmińsko-mazurskie,22.6,2026-08-08
49,Jez. Śniardwy,GŁODOWO,warmińsko-mazurskie,22.9,2026-08-08
50,Jez. Roś,MALDANIN,warmińsko-mazurskie,24.1,2026-08-08
51,Jez. Mamry,PRZYSTAŃ,warmińsko-mazurskie,21.3,2026-08-08
52,Jez. Litygajno,BORKI,warmińsko-mazurskie,21.7,2026-08-08
53,Jez. Ełckie,EŁK,warmińsko-mazurskie,22.8,2026-08-08
54,Jez. Selmęt Wielki,SORDACHY,warmińsko-mazurskie,22.5,2026-08-08
55,Jez. Białe Augustowskie,PRZEWIĘŹ,podlaskie,23.4,2026-08-08
56,Jez. Rospuda Filipowska,WÓLKA,podlaskie,21.7,2026-08-08
57,Jez. Hańcza,WRÓBEL,podlaskie,22.4,2026-08-08
58,Jez. Rajgrodzkie,RAJGRÓD,podlaskie,23.3,2026-08-08
59,Jez. Wigry,WIGRY,podlaskie,22.9,2026-08-08
60,Jez. Studzieniczne,PRZEWIĘŹ,podlaskie,22.6,2026-08-08
61,Jez. Morskie Oko,MORSKIE OKO,małopolskie,16.0,2026-08-08
1,Morze Bałtyckie,ŚWINOUJŚCIE,zachodniopomorskie,20.3,2026-08-10
2,Morze Bałtyckie,KOŁOBRZEG,zachodniopomorskie,19.1,2026-08-10
3,Morze Bałtyckie,DARŁOWO,zachodniopomorskie,18.9,2026-08-10
4,Morze Bałtyckie,USTKA,pomorskie,17.8,2026-08-10
5,Morze Bałtyckie,ŁEBA,pomorskie,19.4,2026-08-10
6,Morze Bałtyckie,DĘBKI,pomorskie,19.8,2026-08-10
7,Morze Bałtyckie,WŁADYSŁAWOWO,pomorskie,19.7,2026-08-10
8,Morze Bałtyckie,HEL,pomorskie,19.1,2026-08-10
9,Morze Bałtyckie,PUCK,pomorskie,brak danych,2026-08-10
10,Morze Bałtyckie,GDYNIA,pomorskie,19.9,2026-08-10
11,Morze Bałtyckie,GDAŃSK-PORT PÓŁNOCNY,pomorskie,19.9,2026-08-10
12,Morze Bałtyckie,NOWY ŚWIAT - UJŚCIE,pomorskie,19.8,2026-08-10
13,Zalew Wiślany,NOWY ŚWIAT - ZALEW,pomorskie,20.1,2026-08-10
14,Zalew Wiślany,KRYNICA MORSKA,pomorskie,21.0,2026-08-10
15,Zalew Wiślany,OSŁONKA,pomorskie,brak danych,2026-08-10
16,Elbląg,NOWAKOWO,warmińsko-mazurskie,brak danych,2026-08-10
17,Zalew Wiślany,TOLKMICKO,warmińsko-mazurskie,19.6,2026-08-10
18,Zalew Wiślany,NOWA PASŁĘKA,warmińsko-mazurskie,20.6,2026-08-10
19,Cieśnina Dziwna,WOLIN,zachodniopomorskie,21.7,2026-08-10
20,Jez. Morzycko,PRZYJEZIERZE,zachodniopomorskie,22.8,2026-08-10
21,Jez. Ińsko,IŃSKO,zachodniopomorskie,21.4,2026-08-10
22,Jez. Lubie,LUBIESZEWO,zachodniopomorskie,22.6,2026-08-10
23,Jez. Ostrowite,WYSPA POKRZYWKA,zachodniopomorskie,22.6,2026-08-10
24,Jez. Jamno,UNIEŚCIE,zachodniopomorskie,21.2,2026-08-10
25,Jez. Komorze,SIKORY,zachodniopomorskie,21.5,2026-08-10
26,Jez. Drawsko,CZAPLINEK,zachodniopomorskie,19.5,2026-08-10
27,Jez. Bytyń Wielki,NAKIELNO,zachodniopomorskie,23.0,2026-08-10
28,Jez. Gardno,GARDNA WIELKA,pomorskie,19.6,2026-08-10
29,Jez. Łebsko,IZBICA,pomorskie,17.1,2026-08-10
30,Jez. Jasień Pd.,JASIEŃ,pomorskie,20.8,2026-08-10
31,Jez. Charzykowskie,CHARZYKOWY,pomorskie,20.1,2026-08-10
32,Jez. Wdzydze,JEZIORNA,pomorskie,21.0,2026-08-10
33,Jez. Raduńskie Górne,BORUCINO,pomorskie,20.0,2026-08-10
34,Jez. Ostrzyckie,OSTRZYCE,pomorskie,20.7,2026-08-10
35,Jez. Dzierzgoń,PRABUTY,pomorskie,21.0,2026-08-10
36,Jez. Żabie,ŁUGI,lubuskie,21.8,2026-08-10
37,Jez. Niesłysz,PRZEŁAZY,lubuskie,24.7,2026-08-10
38,Jez. Sławskie,RADZYŃ,lubuskie,22.8,2026-08-10
39,Jez. Sławianowskie,BUNTOWO,wielkopolskie,22.2,2026-08-10
40,Jez. Powidzkie,POWIDZ,wielkopolskie,22.9,2026-08-10
41,Jez. Sępoleńskie,SĘPÓLNO KRAJEŃSKIE,kujawsko-pomorskie,23.2,2026-08-10
42,Jez. Gopło,KRUSZWICA,kujawsko-pomorskie,23.4,2026-08-10
43,Jez. Bachotek,BACHOTEK,kujawsko-pomorskie,22.5,2026-08-10
44,Jez. Druzno,ŻUKOWO,warmińsko-mazurskie,20.0,2026-08-10
45,Jez. Jeziorak,IŁAWA,warmińsko-mazurskie,21.6,2026-08-10
46,Jez. Dadaj,DADAJ,warmińsko-mazurskie,22.6,2026-08-10
47,Jez. Nidzkie,RUCIANE-NIDA,warmińsko-mazurskie,23.1,2026-08-10
48,Jez. Mikołajskie,MIKOŁAJKI,warmińsko-mazurskie,22.0,2026-08-10
49,Jez. Śniardwy,GŁODOWO,warmińsko-mazurskie,21.6,2026-08-10
50,Jez. Roś,MALDANIN,warmińsko-mazurskie,23.2,2026-08-10
51,Jez. Mamry,PRZYSTAŃ,warmińsko-mazurskie,20.6,2026-08-10
52,Jez. Litygajno,BORKI,warmińsko-mazurskie,22.0,2026-08-10
53,Jez. Ełckie,EŁK,warmińsko-mazurskie,21.6,2026-08-10
54,Jez. Selmęt Wielki,SORDACHY,warmińsko-mazurskie,21.1,2026-08-10
55,Jez. Białe Augustowskie,PRZEWIĘŹ,podlaskie,22.6,2026-08-10
56,Jez. Rospuda Filipowska,WÓLKA,podlaskie,20.6,2026-08-10
57,Jez. Hańcza,WRÓBEL,podlaskie,21.4,2026-08-10
58,Jez. Rajgrodzkie,RAJGRÓD,podlaskie,22.0,2026-08-10
59,Jez. Wigry,WIGRY,podlaskie,22.4,2026-08-10
60,Jez. Studzieniczne,PRZEWIĘŹ,podlaskie,22.0,2026-08-10
61,Jez. Morskie Oko,MORSKIE OKO,małopolskie,15.6,2026-08-10
1,Morze Bałtyckie,ŚWINOUJŚCIE,zachodniopomorskie,19.8,2026-08-11
2,Morze Bałtyckie,KOŁOBRZEG,zachodniopomorskie,18.1,2026-08-11
3,Morze Bałtyckie,DARŁOWO,zachodniopomorskie,18.6,2026-08-11
4,Morze Bałtyckie,USTKA,pomorskie,17.5,2026-08-11
5,Morze Bałtyckie,ŁEBA,pomorskie,17.8,2026-08-11
6,Morze Bałtyckie,DĘBKI,pomorskie,18.7,2026-08-11
7,Morze Bałtyckie,WŁADYSŁAWOWO,pomorskie,19.6,2026-08-11
8,Morze Bałtyckie,HEL,pomorskie,18.9,2026-08-11
9,Morze Bałtyckie,PUCK,pomorskie,20.3,2026-08-11
10,Morze Bałtyckie,GDYNIA,pomorskie,19.0,2026-08-11
11,Morze Bałtyckie,GDAŃSK-PORT PÓŁNOCNY,pomorskie,19.3,2026-08-11
12,Morze Bałtyckie,NOWY ŚWIAT - UJŚCIE,pomorskie,19.6,2026-08-11
13,Zalew Wiślany,NOWY ŚWIAT - ZALEW,pomorskie,19.5,2026-08-11
14,Zalew Wiślany,KRYNICA MORSKA,pomorskie,19.8,2026-08-11
15,Zalew Wiślany,OSŁONKA,pomorskie,brak danych,2026-08-11
16,Elbląg,NOWAKOWO,warmińsko-mazurskie,brak danych,2026-08-11
17,Zalew Wiślany,TOLKMICKO,warmińsko-mazurskie,19.2,2026-08-11
18,Zalew Wiślany,NOWA PASŁĘKA,warmińsko-mazurskie,20.1,2026-08-11
19,Cieśnina Dziwna,WOLIN,zachodniopomorskie,20.5,2026-08-11
20,Jez. Morzycko,PRZYJEZIERZE,zachodniopomorskie,22.2,2026-08-11
21,Jez. Ińsko,IŃSKO,zachodniopomorskie,21.0,2026-08-11
22,Jez. Lubie,LUBIESZEWO,zachodniopomorskie,21.0,2026-08-11
23,Jez. Ostrowite,WYSPA POKRZYWKA,zachodniopomorskie,22.5,2026-08-11
24,Jez. Jamno,UNIEŚCIE,zachodniopomorskie,20.0,2026-08-11
25,Jez. Komorze,SIKORY,zachodniopomorskie,21.6,2026-08-11
26,Jez. Drawsko,CZAPLINEK,zachodniopomorskie,20.5,2026-08-11
27,Jez. Bytyń Wielki,NAKIELNO,zachodniopomorskie,22.7,2026-08-11
28,Jez. Gardno,GARDNA WIELKA,pomorskie,19.2,2026-08-11
29,Jez. Łebsko,IZBICA,pomorskie,16.9,2026-08-11
30,Jez. Jasień Pd.,JASIEŃ,pomorskie,21.0,2026-08-11
31,Jez. Charzykowskie,CHARZYKOWY,pomorskie,20.5,2026-08-11
32,Jez. Wdzydze,JEZIORNA,pomorskie,21.2,2026-08-11
33,Jez. Raduńskie Górne,BORUCINO,pomorskie,19.5,2026-08-11
34,Jez. Ostrzyckie,OSTRZYCE,pomorskie,20.1,2026-08-11
35,Jez. Dzierzgoń,PRABUTY,pomorskie,20.7,2026-08-11
36,Jez. Żabie,ŁUGI,lubuskie,21.4,2026-08-11
37,Jez. Niesłysz,PRZEŁAZY,lubuskie,23.9,2026-08-11
38,Jez. Sławskie,RADZYŃ,lubuskie,23.9,2026-08-11
39,Jez. Sławianowskie,BUNTOWO,wielkopolskie,21.5,2026-08-11
40,Jez. Powidzkie,POWIDZ,wielkopolskie,22.3,2026-08-11
41,Jez. Sępoleńskie,SĘPÓLNO KRAJEŃSKIE,kujawsko-pomorskie,21.8,2026-08-11
42,Jez. Gopło,KRUSZWICA,kujawsko-pomorskie,23.1,2026-08-11
43,Jez. Bachotek,BACHOTEK,kujawsko-pomorskie,21.9,2026-08-11
44,Jez. Druzno,ŻUKOWO,warmińsko-mazurskie,19.8,2026-08-11
45,Jez. Jeziorak,IŁAWA,warmińsko-mazurskie,21.4,2026-08-11
46,Jez. Dadaj,DADAJ,warmińsko-mazurskie,21.6,2026-08-11
47,Jez. Nidzkie,RUCIANE-NIDA,warmińsko-mazurskie,23.1,2026-08-11
48,Jez. Mikołajskie,MIKOŁAJKI,warmińsko-mazurskie,21.6,2026-08-11
49,Jez. Śniardwy,GŁODOWO,warmińsko-mazurskie,21.4,2026-08-11
50,Jez. Roś,MALDANIN,warmińsko-mazurskie,22.9,2026-08-11
51,Jez. Mamry,PRZYSTAŃ,warmińsko-mazurskie,20.6,2026-08-11
52,Jez. Litygajno,BORKI,warmińsko-mazurskie,22.1,2026-08-11
53,Jez. Ełckie,EŁK,warmińsko-mazurskie,21.6,2026-08-11
54,Jez. Selmęt Wielki,SORDACHY,warmińsko-mazurskie,21.5,2026-08-11
55,Jez. Białe Augustowskie,PRZEWIĘŹ,podlaskie,22.6,2026-08-11
56,Jez. Rospuda Filipowska,WÓLKA,podlaskie,19.8,2026-08-11
57,Jez. Hańcza,WRÓBEL,podlaskie,21.2,2026-08-11
58,Jez. Rajgrodzkie,RAJGRÓD,podlaskie,22.1,2026-08-11
59,Jez. Wigry,WIGRY,podlaskie,22.4,2026-08-11
60,Jez. Studzieniczne,PRZEWIĘŹ,podlaskie,22.3,2026-08-11
61,Jez. Morskie Oko,MORSKIE OKO,małopolskie,16.0,2026-08-11
1,Morze Bałtyckie,ŚWINOUJŚCIE,zachodniopomorskie,19.5,2026-08-12
2,Morze Bałtyckie,KOŁOBRZEG,zachodniopomorskie,18.7,2026-08-12
3,Morze Bałtyckie,DARŁOWO,zachodniopomorskie,18.4,2026-08-12
4,Morze Bałtyckie,USTKA,pomorskie,17.1,2026-08-12
5,Morze Bałtyckie,ŁEBA,pomorskie,17.5,2026-08-12
6,Morze Bałtyckie,DĘBKI,pomorskie,17.8,2026-08-12
7,Morze Bałtyckie,WŁADYSŁAWOWO,pomorskie,19.1,2026-08-12
8,Morze Bałtyckie,HEL,pomorskie,18.7,2026-08-12
9,Morze Bałtyckie,PUCK,pomorskie,19.7,2026-08-12
10,Morze Bałtyckie,GDYNIA,pomorskie,17.8,2026-08-12
11,Morze Bałtyckie,GDAŃSK-PORT PÓŁNOCNY,pomorskie,18.4,2026-08-12
12,Morze Bałtyckie,NOWY ŚWIAT - UJŚCIE,pomorskie,19.7,2026-08-12
13,Zalew Wiślany,NOWY ŚWIAT - ZALEW,pomorskie,19.3,2026-08-12
14,Zalew Wiślany,KRYNICA MORSKA,pomorskie,19.5,2026-08-12
15,Zalew Wiślany,OSŁONKA,pomorskie,brak danych,2026-08-12
16,Elbląg,NOWAKOWO,warmińsko-mazurskie,brak danych,2026-08-12
17,Zalew Wiślany,TOLKMICKO,warmińsko-mazurskie,18.9,2026-08-12
18,Zalew Wiślany,NOWA PASŁĘKA,warmińsko-mazurskie,19.6,2026-08-12
19,Cieśnina Dziwna,WOLIN,zachodniopomorskie,20.8,2026-08-12
20,Jez. Morzycko,PRZYJEZIERZE,zachodniopomorskie,21.2,2026-08-12
21,Jez. Ińsko,IŃSKO,zachodniopomorskie,20.8,2026-08-12
22,Jez. Lubie,LUBIESZEWO,zachodniopomorskie,20.2,2026-08-12
23,Jez. Ostrowite,WYSPA POKRZYWKA,zachodniopomorskie,21.9,2026-08-12
24,Jez. Jamno,UNIEŚCIE,zachodniopomorskie,19.4,2026-08-12
25,Jez. Komorze,SIKORY,zachodniopomorskie,21.0,2026-08-12
26,Jez. Drawsko,CZAPLINEK,zachodniopomorskie,20.0,2026-08-12
27,Jez. Bytyń Wielki,NAKIELNO,zachodniopomorskie,22.5,2026-08-12
28,Jez. Gardno,GARDNA WIELKA,pomorskie,18.6,2026-08-12
29,Jez. Łebsko,IZBICA,pomorskie,16.5,2026-08-12
30,Jez. Jasień Pd.,JASIEŃ,pomorskie,brak danych,2026-08-12
31,Jez. Charzykowskie,CHARZYKOWY,pomorskie,20.1,2026-08-12
32,Jez. Wdzydze,JEZIORNA,pomorskie,20.5,2026-08-12
33,Jez. Raduńskie Górne,BORUCINO,pomorskie,19.6,2026-08-12
34,Jez. Ostrzyckie,OSTRZYCE,pomorskie,19.7,2026-08-12
35,Jez. Dzierzgoń,PRABUTY,pomorskie,19.8,2026-08-12
36,Jez. Żabie,ŁUGI,lubuskie,20.9,2026-08-12
37,Jez. Niesłysz,PRZEŁAZY,lubuskie,23.2,2026-08-12
38,Jez. Sławskie,RADZYŃ,lubuskie,23.0,2026-08-12
39,Jez. Sławianowskie,BUNTOWO,wielkopolskie,20.7,2026-08-12
40,Jez. Powidzkie,POWIDZ,wielkopolskie,21.5,2026-08-12
41,Jez. Sępoleńskie,SĘPÓLNO KRAJEŃSKIE,kujawsko-pomorskie,21.1,2026-08-12
42,Jez. Gopło,KRUSZWICA,kujawsko-pomorskie,22.0,2026-08-12
43,Jez. Bachotek,BACHOTEK,kujawsko-pomorskie,21.2,2026-08-12
44,Jez. Druzno,ŻUKOWO,warmińsko-mazurskie,19.6,2026-08-12
45,Jez. Jeziorak,IŁAWA,warmińsko-mazurskie,20.9,2026-08-12
46,Jez. Dadaj,DADAJ,warmińsko-mazurskie,21.0,2026-08-12
47,Jez. Nidzkie,RUCIANE-NIDA,warmińsko-mazurskie,22.2,2026-08-12
48,Jez. Mikołajskie,MIKOŁAJKI,warmińsko-mazurskie,21.1,2026-08-12
49,Jez. Śniardwy,GŁODOWO,warmińsko-mazurskie,20.1,2026-08-12
50,Jez. Roś,MALDANIN,warmińsko-mazurskie,21.6,2026-08-12
51,Jez. Mamry,PRZYSTAŃ,warmińsko-mazurskie,19.7,2026-08-12
52,Jez. Litygajno,BORKI,warmińsko-mazurskie,20.5,2026-08-12
53,Jez. Ełckie,EŁK,warmińsko-mazurskie,21.0,2026-08-12
54,Jez. Selmęt Wielki,SORDACHY,warmińsko-mazurskie,20.6,2026-08-12
55,Jez. Białe Augustowskie,PRZEWIĘŹ,podlaskie,21.6,2026-08-12
56,Jez. Rospuda Filipowska,WÓLKA,podlaskie,19.4,2026-08-12
57,Jez. Hańcza,WRÓBEL,podlaskie,20.7,2026-08-12
58,Jez. Rajgrodzkie,RAJGRÓD,podlaskie,21.3,2026-08-12
59,Jez. Wigry,WIGRY,podlaskie,21.3,2026-08-12
60,Jez. Studzieniczne,PRZEWIĘŹ,podlaskie,21.3,2026-08-12
61,Jez. Morskie Oko,MORSKIE OKO,małopolskie,15.4,2026-08-12
1,Morze Bałtyckie,ŚWINOUJŚCIE,zachodniopomorskie,20.0,2026-08-13
2,Morze Bałtyckie,KOŁOBRZEG,zachodniopomorskie,18.4,2026-08-13
3,Morze Bałtyckie,DARŁOWO,zachodniopomorskie,18.6,2026-08-13
4,Morze Bałtyckie,USTKA,pomorskie,16.8,2026-08-13
5,Morze Bałtyckie,ŁEBA,pomorskie,18.0,2026-08-13
6,Morze Bałtyckie,DĘBKI,pomorskie,17.9,2026-08-13
7,Morze Bałtyckie,WŁADYSŁAWOWO,pomorskie,19.0,2026-08-13
8,Morze Bałtyckie,HEL,pomorskie,18.8,2026-08-13
9,Morze Bałtyckie,PUCK,pomorskie,brak danych,2026-08-13
10,Morze Bałtyckie,GDYNIA,pomorskie,18.0,2026-08-13
11,Morze Bałtyckie,GDAŃSK-PORT PÓŁNOCNY,pomorskie,19.1,2026-08-13
12,Morze Bałtyckie,NOWY ŚWIAT - UJŚCIE,pomorskie,19.5,2026-08-13
13,Zalew Wiślany,NOWY ŚWIAT - ZALEW,pomorskie,19.4,2026-08-13
14,Zalew Wiślany,KRYNICA MORSKA,pomorskie,19.2,2026-08-13
15,Zalew Wiślany,OSŁONKA,pomorskie,brak danych,2026-08-13
16,Elbląg,NOWAKOWO,warmińsko-mazurskie,brak danych,2026-08-13
17,Zalew Wiślany,TOLKMICKO,warmińsko-mazurskie,19.6,2026-08-13
18,Zalew Wiślany,NOWA PASŁĘKA,warmińsko-mazurskie,20.0,2026-08-13
19,Cieśnina Dziwna,WOLIN,zachodniopomorskie,20.5,2026-08-13
20,Jez. Morzycko,PRZYJEZIERZE,zachodniopomorskie,21.6,2026-08-13
21,Jez. Ińsko,IŃSKO,zachodniopomorskie,20.8,2026-08-13
22,Jez. Lubie,LUBIESZEWO,zachodniopomorskie,20.4,2026-08-13
23,Jez. Ostrowite,WYSPA POKRZYWKA,zachodniopomorskie,21.8,2026-08-13
24,Jez. Jamno,UNIEŚCIE,zachodniopomorskie,20.0,2026-08-13
25,Jez. Komorze,SIKORY,zachodniopomorskie,21.0,2026-08-13
26,Jez. Drawsko,CZAPLINEK,zachodniopomorskie,19.9,2026-08-13
27,Jez. Bytyń Wielki,NAKIELNO,zachodniopomorskie,22.7,2026-08-13
28,Jez. Gardno,GARDNA WIELKA,pomorskie,18.2,2026-08-13
29,Jez. Łebsko,IZBICA,pomorskie,16.6,2026-08-13
30,Jez. Jasień Pd.,JASIEŃ,pomorskie,20.0,2026-08-13
31,Jez. Charzykowskie,CHARZYKOWY,pomorskie,20.2,2026-08-13
32,Jez. Wdzydze,JEZIORNA,pomorskie,20.3,2026-08-13
33,Jez. Raduńskie Górne,BORUCINO,pomorskie,19.6,2026-08-13
34,Jez. Ostrzyckie,OSTRZYCE,pomorskie,19.6,2026-08-13
35,Jez. Dzierzgoń,PRABUTY,pomorskie,20.4,2026-08-13
36,Jez. Żabie,ŁUGI,lubuskie,21.1,2026-08-13
37,Jez. Niesłysz,PRZEŁAZY,lubuskie,23.0,2026-08-13
38,Jez. Sławskie,RADZYŃ,lubuskie,22.2,2026-08-13
39,Jez. Sławianowskie,BUNTOWO,wielkopolskie,20.7,2026-08-13
40,Jez. Powidzkie,POWIDZ,wielkopolskie,22.0,2026-08-13
41,Jez. Sępoleńskie,SĘPÓLNO KRAJEŃSKIE,kujawsko-pomorskie,21.7,2026-08-13
42,Jez. Gopło,KRUSZWICA,kujawsko-pomorskie,21.9,2026-08-13
43,Jez. Bachotek,BACHOTEK,kujawsko-pomorskie,21.2,2026-08-13
44,Jez. Druzno,ŻUKOWO,warmińsko-mazurskie,19.4,2026-08-13
45,Jez. Jeziorak,IŁAWA,warmińsko-mazurskie,21.2,2026-08-13
46,Jez. Dadaj,DADAJ,warmińsko-mazurskie,21.0,2026-08-13
47,Jez. Nidzkie,RUCIANE-NIDA,warmińsko-mazurskie,22.0,2026-08-13
48,Jez. Mikołajskie,MIKOŁAJKI,warmińsko-mazurskie,20.8,2026-08-13
49,Jez. Śniardwy,GŁODOWO,warmińsko-mazurskie,20.7,2026-08-13
50,Jez. Roś,MALDANIN,warmińsko-mazurskie,22.1,2026-08-13
51,Jez. Mamry,PRZYSTAŃ,warmińsko-mazurskie,19.5,2026-08-13
52,Jez. Litygajno,BORKI,warmińsko-mazurskie,20.1,2026-08-13
53,Jez. Ełckie,EŁK,warmińsko-mazurskie,20.7,2026-08-13
54,Jez. Selmęt Wielki,SORDACHY,warmińsko-mazurskie,20.3,2026-08-13
55,Jez. Białe Augustowskie,PRZEWIĘŹ,podlaskie,21.8,2026-08-13
56,Jez. Rospuda Filipowska,WÓLKA,podlaskie,19.2,2026-08-13
57,Jez. Hańcza,WRÓBEL,podlaskie,20.5,2026-08-13
58,Jez. Rajgrodzkie,RAJGRÓD,podlaskie,21.0,2026-08-13
59,Jez. Wigry,WIGRY,podlaskie,20.9,2026-08-13
60,Jez. Studzieniczne,PRZEWIĘŹ,podlaskie,20.9,2026-08-13
61,Jez. Morskie Oko,MORSKIE OKO,małopolskie,15.2,2026-08-13
1,Morze Bałtyckie,ŚWINOUJŚCIE,zachodniopomorskie,20.3,2026-08-14
2,Morze Bałtyckie,KOŁOBRZEG,zachodniopomorskie,18.6,2026-08-14
3,Morze Bałtyckie,DARŁOWO,zachodniopomorskie,18.6,2026-08-14
4,Morze Bałtyckie,USTKA,pomorskie,17.1,2026-08-14
5,Morze Bałtyckie,ŁEBA,pomorskie,19.0,2026-08-14
6,Morze Bałtyckie,DĘBKI,pomorskie,18.5,2026-08-14
7,Morze Bałtyckie,WŁADYSŁAWOWO,pomorskie,19.3,2026-08-14
8,Morze Bałtyckie,HEL,pomorskie,18.9,2026-08-14
9,Morze Bałtyckie,PUCK,pomorskie,brak danych,2026-08-14
10,Morze Bałtyckie,GDYNIA,pomorskie,18.6,2026-08-14
11,Morze Bałtyckie,GDAŃSK-PORT PÓŁNOCNY,pomorskie,19.5,2026-08-14
12,Morze Bałtyckie,NOWY ŚWIAT - UJŚCIE,pomorskie,19.4,2026-08-14
13,Zalew Wiślany,NOWY ŚWIAT - ZALEW,pomorskie,19.9,2026-08-14
14,Zalew Wiślany,KRYNICA MORSKA,pomorskie,19.4,2026-08-14
15,Zalew Wiślany,OSŁONKA,pomorskie,brak danych,2026-08-14
16,Elbląg,NOWAKOWO,warmińsko-mazurskie,brak danych,2026-08-14
17,Zalew Wiślany,TOLKMICKO,warmińsko-mazurskie,19.7,2026-08-14
18,Zalew Wiślany,NOWA PASŁĘKA,warmińsko-mazurskie,19.8,2026-08-14
19,Cieśnina Dziwna,WOLIN,zachodniopomorskie,20.3,2026-08-14
20,Jez. Morzycko,PRZYJEZIERZE,zachodniopomorskie,22.2,2026-08-14
21,Jez. Ińsko,IŃSKO,zachodniopomorskie,21.2,2026-08-14
22,Jez. Lubie,LUBIESZEWO,zachodniopomorskie,20.8,2026-08-14
23,Jez. Ostrowite,WYSPA POKRZYWKA,zachodniopomorskie,22.1,2026-08-14
24,Jez. Jamno,UNIEŚCIE,zachodniopomorskie,20.4,2026-08-14
25,Jez. Komorze,SIKORY,zachodniopomorskie,21.3,2026-08-14
26,Jez. Drawsko,CZAPLINEK,zachodniopomorskie,20.6,2026-08-14
27,Jez. Bytyń Wielki,NAKIELNO,zachodniopomorskie,22.8,2026-08-14
28,Jez. Gardno,GARDNA WIELKA,pomorskie,18.8,2026-08-14
29,Jez. Łebsko,IZBICA,pomorskie,16.8,2026-08-14
30,Jez. Jasień Pd.,JASIEŃ,pomorskie,21.4,2026-08-14
31,Jez. Charzykowskie,CHARZYKOWY,pomorskie,20.4,2026-08-14
32,Jez. Wdzydze,JEZIORNA,pomorskie,21.0,2026-08-14
33,Jez. Raduńskie Górne,BORUCINO,pomorskie,20.3,2026-08-14
34,Jez. Ostrzyckie,OSTRZYCE,pomorskie,20.5,2026-08-14
35,Jez. Dzierzgoń,PRABUTY,pomorskie,20.5,2026-08-14
36,Jez. Żabie,ŁUGI,lubuskie,21.2,2026-08-14
37,Jez. Niesłysz,PRZEŁAZY,lubuskie,23.0,2026-08-14
38,Jez. Sławskie,RADZYŃ,lubuskie,22.0,2026-08-14
39,Jez. Sławianowskie,BUNTOWO,wielkopolskie,21.9,2026-08-14
40,Jez. Powidzkie,POWIDZ,wielkopolskie,22.4,2026-08-14
41,Jez. Sępoleńskie,SĘPÓLNO KRAJEŃSKIE,kujawsko-pomorskie,22.4,2026-08-14
42,Jez. Gopło,KRUSZWICA,kujawsko-pomorskie,22.4,2026-08-14
43,Jez. Bachotek,BACHOTEK,kujawsko-pomorskie,21.4,2026-08-14
44,Jez. Druzno,ŻUKOWO,warmińsko-mazurskie,19.3,2026-08-14
45,Jez. Jeziorak,IŁAWA,warmińsko-mazurskie,21.0,2026-08-14
46,Jez. Dadaj,DADAJ,warmińsko-mazurskie,21.2,2026-08-14
47,Jez. Nidzkie,RUCIANE-NIDA,warmińsko-mazurskie,21.5,2026-08-14
48,Jez. Mikołajskie,MIKOŁAJKI,warmińsko-mazurskie,21.3,2026-08-14
49,Jez. Śniardwy,GŁODOWO,warmińsko-mazurskie,20.5,2026-08-14
50,Jez. Roś,MALDANIN,warmińsko-mazurskie,22.3,2026-08-14
51,Jez. Mamry,PRZYSTAŃ,warmińsko-mazurskie,20.4,2026-08-14
52,Jez. Litygajno,BORKI,warmińsko-mazurskie,20.4,2026-08-14
53,Jez. Ełckie,EŁK,warmińsko-mazurskie,21.2,2026-08-14
54,Jez. Selmęt Wielki,SORDACHY,warmińsko-mazurskie,20.6,2026-08-14
55,Jez. Białe Augustowskie,PRZEWIĘŹ,podlaskie,21.5,2026-08-14
56,Jez. Rospuda Filipowska,WÓLKA,podlaskie,19.8,2026-08-14
57,Jez. Hańcza,WRÓBEL,podlaskie,20.8,2026-08-14
58,Jez. Rajgrodzkie,RAJGRÓD,podlaskie,21.5,2026-08-14
59,Jez. Wigry,WIGRY,podlaskie,21.0,2026-08-14
60,Jez. Studzieniczne,PRZEWIĘŹ,podlaskie,21.1,2026-08-14
61,Jez. Morskie Oko,MORSKIE OKO,małopolskie,15.1,2026-08-14
1,Morze Bałtyckie,ŚWINOUJŚCIE,zachodniopomorskie,20.3,2026-08-14
2,Morze Bałtyckie,KOŁOBRZEG,zachodniopomorskie,18.6,2026-08-14
3,Morze Bałtyckie,DARŁOWO,zachodniopomorskie,18.6,2026-08-14
4,Morze Bałtyckie,USTKA,pomorskie,17.1,2026-08-14
5,Morze Bałtyckie,ŁEBA,pomorskie,19.0,2026-08-14
6,Morze Bałtyckie,DĘBKI,pomorskie,18.5,2026-08-14
7,Morze Bałtyckie,WŁADYSŁAWOWO,pomorskie,19.3,2026-08-14
8,Morze Bałtyckie,HEL,pomorskie,18.9,2026-08-14
9,Morze Bałtyckie,PUCK,pomorskie,brak danych,2026-08-14
10,Morze Bałtyckie,GDYNIA,pomorskie,18.6,2026-08-14
11,Morze Bałtyckie,GDAŃSK-PORT PÓŁNOCNY,pomorskie,19.5,2026-08-14
12,Morze Bałtyckie,NOWY ŚWIAT - UJŚCIE,pomorskie,19.4,2026-08-14
13,Zalew Wiślany,NOWY ŚWIAT - ZALEW,pomorskie,19.9,2026-08-14
14,Zalew Wiślany,KRYNICA MORSKA,pomorskie,19.4,2026-08-14
15,Zalew Wiślany,OSŁONKA,pomorskie,brak danych,2026-08-14
16,Elbląg,NOWAKOWO,warmińsko-mazurskie,brak danych,2026-08-14
17,Zalew Wiślany,TOLKMICKO,warmińsko-mazurskie,19.7,2026-08-14
18,Zalew Wiślany,NOWA PASŁĘKA,warmińsko-mazurskie,19.8,2026-08-14
19,Cieśnina Dziwna,WOLIN,zachodniopomorskie,20.3,2026-08-14
20,Jez. Morzycko,PRZYJEZIERZE,zachodniopomorskie,22.2,2026-08-14
21,Jez. Ińsko,IŃSKO,zachodniopomorskie,21.2,2026-08-14
22,Jez. Lubie,LUBIESZEWO,zachodniopomorskie,20.8,2026-08-14
23,Jez. Ostrowite,WYSPA POKRZYWKA,zachodniopomorskie,22.1,2026-08-14
24,Jez. Jamno,UNIEŚCIE,zachodniopomorskie,20.4,2026-08-14
25,Jez. Komorze,SIKORY,zachodniopomorskie,21.3,2026-08-14
26,Jez. Drawsko,CZAPLINEK,zachodniopomorskie,20.6,2026-08-14
27,Jez. Bytyń Wielki,NAKIELNO,zachodniopomorskie,22.8,2026-08-14
28,Jez. Gardno,GARDNA WIELKA,pomorskie,18.8,2026-08-14
29,Jez. Łebsko,IZBICA,pomorskie,16.8,2026-08-14
30,Jez. Jasień Pd.,JASIEŃ,pomorskie,21.4,2026-08-14
31,Jez. Charzykowskie,CHARZYKOWY,pomorskie,20.4,2026-08-14
32,Jez. Wdzydze,JEZIORNA,pomorskie,21.0,2026-08-14
33,Jez. Raduńskie Górne,BORUCINO,pomorskie,20.3,2026-08-14
34,Jez. Ostrzyckie,OSTRZYCE,pomorskie,20.5,2026-08-14
35,Jez. Dzierzgoń,PRABUTY,pomorskie,20.5,2026-08-14
36,Jez. Żabie,ŁUGI,lubuskie,21.2,2026-08-14
37,Jez. Niesłysz,PRZEŁAZY,lubuskie,23.0,2026-08-14
38,Jez. Sławskie,RADZYŃ,lubuskie,22.0,2026-08-14
39,Jez. Sławianowskie,BUNTOWO,wielkopolskie,21.9,2026-08-14
40,Jez. Powidzkie,POWIDZ,wielkopolskie,22.4,2026-08-14
41,Jez. Sępoleńskie,SĘPÓLNO KRAJEŃSKIE,kujawsko-pomorskie,22.4,2026-08-14
42,Jez. Gopło,KRUSZWICA,kujawsko-pomorskie,22.4,2026-08-14
43,Jez. Bachotek,BACHOTEK,kujawsko-pomorskie,21.4,2026-08-14
44,Jez. Druzno,ŻUKOWO,warmińsko-mazurskie,19.3,2026-08-14
45,Jez. Jeziorak,IŁAWA,warmińsko-mazurskie,21.0,2026-08-14
46,Jez. Dadaj,DADAJ,warmińsko-mazurskie,21.2,2026-08-14
47,Jez. Nidzkie,RUCIANE-NIDA,warmińsko-mazurskie,21.5,2026-08-14
48,Jez. Mikołajskie,MIKOŁAJKI,warmińsko-mazurskie,21.3,2026-08-14
49,Jez. Śniardwy,GŁODOWO,warmińsko-mazurskie,20.5,2026-08-14
50,Jez. Roś,MALDANIN,warmińsko-mazurskie,22.3,2026-08-14
51,Jez. Mamry,PRZYSTAŃ,warmińsko-mazurskie,20.4,2026-08-14
52,Jez. Litygajno,BORKI,warmińsko-mazurskie,20.4,2026-08-14
53,Jez. Ełckie,EŁK,warmińsko-mazurskie,21.2,2026-08-14
54,Jez. Selmęt Wielki,SORDACHY,warmińsko-mazurskie,20.6,2026-08-14
55,Jez. Białe Augustowskie,PRZEWIĘŹ,podlaskie,21.5,2026-08-14
56,Jez. Rospuda Filipowska,WÓLKA,podlaskie,19.8,2026-08-14
57,Jez. Hańcza,WRÓBEL,podlaskie,20.8,2026-08-14
58,Jez. Rajgrodzkie,RAJGRÓD,podlaskie,21.5,2026-08-14
59,Jez. Wigry,WIGRY,podlaskie,21.0,2026-08-14
60,Jez. Studzieniczne,PRZEWIĘŹ,podlaskie,21.1,2026-08-14
61,Jez. Morskie Oko,MORSKIE OKO,małopolskie,15.1,2026-08-14
1,Morze Bałtyckie,ŚWINOUJŚCIE,zachodniopomorskie,20.8,2026-08-15
2,Morze Bałtyckie,KOŁOBRZEG,zachodniopomorskie,18.8,2026-08-15
3,Morze Bałtyckie,DARŁOWO,zachodniopomorskie,18.6,2026-08-15
4,Morze Bałtyckie,USTKA,pomorskie,17.6,2026-08-15
5,Morze Bałtyckie,ŁEBA,pomorskie,20.2,2026-08-15
6,Morze Bałtyckie,DĘBKI,pomorskie,19.2,2026-08-15
7,Morze Bałtyckie,WŁADYSŁAWOWO,pomorskie,19.6,2026-08-15
8,Morze Bałtyckie,HEL,pomorskie,19.4,2026-08-15
9,Morze Bałtyckie,PUCK,pomorskie,brak danych,2026-08-15
10,Morze Bałtyckie,GDYNIA,pomorskie,18.9,2026-08-15
11,Morze Bałtyckie,GDAŃSK-PORT PÓŁNOCNY,pomorskie,19.5,2026-08-15
12,Morze Bałtyckie,NOWY ŚWIAT - UJŚCIE,pomorskie,19.3,2026-08-15
13,Zalew Wiślany,NOWY ŚWIAT - ZALEW,pomorskie,20.9,2026-08-15
14,Zalew Wiślany,KRYNICA MORSKA,pomorskie,20.8,2026-08-15
15,Zalew Wiślany,OSŁONKA,pomorskie,brak danych,2026-08-15
16,Elbląg,NOWAKOWO,warmińsko-mazurskie,brak danych,2026-08-15
17,Zalew Wiślany,TOLKMICKO,warmińsko-mazurskie,19.6,2026-08-15
18,Zalew Wiślany,NOWA PASŁĘKA,warmińsko-mazurskie,20.2,2026-08-15
19,Cieśnina Dziwna,WOLIN,zachodniopomorskie,21.3,2026-08-15
20,Jez. Morzycko,PRZYJEZIERZE,zachodniopomorskie,22.8,2026-08-15
21,Jez. Ińsko,IŃSKO,zachodniopomorskie,21.2,2026-08-15
22,Jez. Lubie,LUBIESZEWO,zachodniopomorskie,21.8,2026-08-15
23,Jez. Ostrowite,WYSPA POKRZYWKA,zachodniopomorskie,22.2,2026-08-15
24,Jez. Jamno,UNIEŚCIE,zachodniopomorskie,21.8,2026-08-15
25,Jez. Komorze,SIKORY,zachodniopomorskie,21.6,2026-08-15
26,Jez. Drawsko,CZAPLINEK,zachodniopomorskie,19.7,2026-08-15
27,Jez. Bytyń Wielki,NAKIELNO,zachodniopomorskie,23.0,2026-08-15
28,Jez. Gardno,GARDNA WIELKA,pomorskie,19.4,2026-08-15
29,Jez. Łebsko,IZBICA,pomorskie,17.2,2026-08-15
30,Jez. Jasień Pd.,JASIEŃ,pomorskie,21.2,2026-08-15
31,Jez. Charzykowskie,CHARZYKOWY,pomorskie,20.4,2026-08-15
32,Jez. Wdzydze,JEZIORNA,pomorskie,20.4,2026-08-15
33,Jez. Raduńskie Górne,BORUCINO,pomorskie,20.8,2026-08-15
34,Jez. Ostrzyckie,OSTRZYCE,pomorskie,20.7,2026-08-15
35,Jez. Dzierzgoń,PRABUTY,pomorskie,20.4,2026-08-15
36,Jez. Żabie,ŁUGI,lubuskie,21.3,2026-08-15
37,Jez. Niesłysz,PRZEŁAZY,lubuskie,23.9,2026-08-15
38,Jez. Sławskie,RADZYŃ,lubuskie,22.0,2026-08-15
39,Jez. Sławianowskie,BUNTOWO,wielkopolskie,22.4,2026-08-15
40,Jez. Powidzkie,POWIDZ,wielkopolskie,brak danych,2026-08-15
41,Jez. Sępoleńskie,SĘPÓLNO KRAJEŃSKIE,kujawsko-pomorskie,22.6,2026-08-15
42,Jez. Gopło,KRUSZWICA,kujawsko-pomorskie,23.4,2026-08-15
43,Jez. Bachotek,BACHOTEK,kujawsko-pomorskie,22.0,2026-08-15
44,Jez. Druzno,ŻUKOWO,warmińsko-mazurskie,19.4,2026-08-15
45,Jez. Jeziorak,IŁAWA,warmińsko-mazurskie,21.0,2026-08-15
46,Jez. Dadaj,DADAJ,warmińsko-mazurskie,21.6,2026-08-15
47,Jez. Nidzkie,RUCIANE-NIDA,warmińsko-mazurskie,23.0,2026-08-15
48,Jez. Mikołajskie,MIKOŁAJKI,warmińsko-mazurskie,21.0,2026-08-15
49,Jez. Śniardwy,GŁODOWO,warmińsko-mazurskie,21.0,2026-08-15
50,Jez. Roś,MALDANIN,warmińsko-mazurskie,22.7,2026-08-15
51,Jez. Mamry,PRZYSTAŃ,warmińsko-mazurskie,20.2,2026-08-15
52,Jez. Litygajno,BORKI,warmińsko-mazurskie,21.2,2026-08-15
53,Jez. Ełckie,EŁK,warmińsko-mazurskie,21.4,2026-08-15
54,Jez. Selmęt Wielki,SORDACHY,warmińsko-mazurskie,21.3,2026-08-15
55,Jez. Białe Augustowskie,PRZEWIĘŹ,podlaskie,21.9,2026-08-15
56,Jez. Rospuda Filipowska,WÓLKA,podlaskie,20.3,2026-08-15
57,Jez. Hańcza,WRÓBEL,podlaskie,20.5,2026-08-15
58,Jez. Rajgrodzkie,RAJGRÓD,podlaskie,21.7,2026-08-15
59,Jez. Wigry,WIGRY,podlaskie,21.2,2026-08-15
60,Jez. Studzieniczne,PRZEWIĘŹ,podlaskie,21.1,2026-08-15
61,Jez. Morskie Oko,MORSKIE OKO,małopolskie,15.5,2026-08-15
1,Morze Bałtyckie,ŚWINOUJŚCIE,zachodniopomorskie,20.4,2026-08-16
2,Morze Bałtyckie,KOŁOBRZEG,zachodniopomorskie,19.2,2026-08-16
3,Morze Bałtyckie,DARŁOWO,zachodniopomorskie,19.1,2026-08-16
4,Morze Bałtyckie,USTKA,pomorskie,18.5,2026-08-16
5,Morze Bałtyckie,ŁEBA,pomorskie,19.4,2026-08-16
6,Morze Bałtyckie,DĘBKI,pomorskie,20.6,2026-08-16
7,Morze Bałtyckie,WŁADYSŁAWOWO,pomorskie,18.9,2026-08-16
8,Morze Bałtyckie,HEL,pomorskie,19.7,2026-08-16
9,Morze Bałtyckie,PUCK,pomorskie,brak danych,2026-08-16
10,Morze Bałtyckie,GDYNIA,pomorskie,19.1,2026-08-16
11,Morze Bałtyckie,GDAŃSK-PORT PÓŁNOCNY,pomorskie,19.3,2026-08-16
12,Morze Bałtyckie,NOWY ŚWIAT - UJŚCIE,pomorskie,19.6,2026-08-16
13,Zalew Wiślany,NOWY ŚWIAT - ZALEW,pomorskie,19.5,2026-08-16
14,Zalew Wiślany,KRYNICA MORSKA,pomorskie,21.5,2026-08-16
15,Zalew Wiślany,OSŁONKA,pomorskie,brak danych,2026-08-16
16,Elbląg,NOWAKOWO,warmińsko-mazurskie,brak danych,2026-08-16
17,Zalew Wiślany,TOLKMICKO,warmińsko-mazurskie,19.8,2026-08-16
18,Zalew Wiślany,NOWA PASŁĘKA,warmińsko-mazurskie,21.0,2026-08-16
19,Cieśnina Dziwna,WOLIN,zachodniopomorskie,21.5,2026-08-16
20,Jez. Morzycko,PRZYJEZIERZE,zachodniopomorskie,22.6,2026-08-16
21,Jez. Ińsko,IŃSKO,zachodniopomorskie,21.4,2026-08-16
22,Jez. Lubie,LUBIESZEWO,zachodniopomorskie,21.8,2026-08-16
23,Jez. Ostrowite,WYSPA POKRZYWKA,zachodniopomorskie,22.7,2026-08-16
24,Jez. Jamno,UNIEŚCIE,zachodniopomorskie,22.2,2026-08-16
25,Jez. Komorze,SIKORY,zachodniopomorskie,21.9,2026-08-16
26,Jez. Drawsko,CZAPLINEK,zachodniopomorskie,20.2,2026-08-16
27,Jez. Bytyń Wielki,NAKIELNO,zachodniopomorskie,23.2,2026-08-16
28,Jez. Gardno,GARDNA WIELKA,pomorskie,21.0,2026-08-16
29,Jez. Łebsko,IZBICA,pomorskie,17.3,2026-08-16
30,Jez. Jasień Pd.,JASIEŃ,pomorskie,brak danych,2026-08-16
31,Jez. Charzykowskie,CHARZYKOWY,pomorskie,20.3,2026-08-16
32,Jez. Wdzydze,JEZIORNA,pomorskie,20.7,2026-08-16
33,Jez. Raduńskie Górne,BORUCINO,pomorskie,20.9,2026-08-16
34,Jez. Ostrzyckie,OSTRZYCE,pomorskie,21.0,2026-08-16
35,Jez. Dzierzgoń,PRABUTY,pomorskie,20.5,2026-08-16
36,Jez. Żabie,ŁUGI,lubuskie,21.9,2026-08-16
37,Jez. Niesłysz,PRZEŁAZY,lubuskie,24.5,2026-08-16
38,Jez. Sławskie,RADZYŃ,lubuskie,23.3,2026-08-16
39,Jez. Sławianowskie,BUNTOWO,wielkopolskie,21.7,2026-08-16
40,Jez. Powidzkie,POWIDZ,wielkopolskie,brak danych,2026-08-16
41,Jez. Sępoleńskie,SĘPÓLNO KRAJEŃSKIE,kujawsko-pomorskie,23.1,2026-08-16
42,Jez. Gopło,KRUSZWICA,kujawsko-pomorskie,23.7,2026-08-16
43,Jez. Bachotek,BACHOTEK,kujawsko-pomorskie,22.4,2026-08-16
44,Jez. Druzno,ŻUKOWO,warmińsko-mazurskie,19.6,2026-08-16
45,Jez. Jeziorak,IŁAWA,warmińsko-mazurskie,21.0,2026-08-16
46,Jez. Dadaj,DADAJ,warmińsko-mazurskie,21.6,2026-08-16
47,Jez. Nidzkie,RUCIANE-NIDA,warmińsko-mazurskie,22.6,2026-08-16
48,Jez. Mikołajskie,MIKOŁAJKI,warmińsko-mazurskie,21.8,2026-08-16
49,Jez. Śniardwy,GŁODOWO,warmińsko-mazurskie,21.8,2026-08-16
50,Jez. Roś,MALDANIN,warmińsko-mazurskie,22.8,2026-08-16
51,Jez. Mamry,PRZYSTAŃ,warmińsko-mazurskie,20.5,2026-08-16
52,Jez. Litygajno,BORKI,warmińsko-mazurskie,21.5,2026-08-16
53,Jez. Ełckie,EŁK,warmińsko-mazurskie,21.4,2026-08-16
54,Jez. Selmęt Wielki,SORDACHY,warmińsko-mazurskie,21.0,2026-08-16
55,Jez. Białe Augustowskie,PRZEWIĘŹ,podlaskie,22.0,2026-08-16
56,Jez. Rospuda Filipowska,WÓLKA,podlaskie,19.9,2026-08-16
57,Jez. Hańcza,WRÓBEL,podlaskie,20.7,2026-08-16
58,Jez. Rajgrodzkie,RAJGRÓD,podlaskie,21.5,2026-08-16
59,Jez. Wigry,WIGRY,podlaskie,21.6,2026-08-16
60,Jez. Studzieniczne,PRZEWIĘŹ,podlaskie,21.4,2026-08-16
61,Jez. Morskie Oko,MORSKIE OKO,małopolskie,15.8,2026-08-16
1,Morze Bałtyckie,ŚWINOUJŚCIE,zachodniopomorskie,20.6,2026-08-17
2,Morze Bałtyckie,KOŁOBRZEG,zachodniopomorskie,19.3,2026-08-17
3,Morze Bałtyckie,DARŁOWO,zachodniopomorskie,19.3,2026-08-17
4,Morze Bałtyckie,USTKA,pomorskie,18.1,2026-08-17
5,Morze Bałtyckie,ŁEBA,pomorskie,18.4,2026-08-17
6,Morze Bałtyckie,DĘBKI,pomorskie,19.3,2026-08-17
7,Morze Bałtyckie,WŁADYSŁAWOWO,pomorskie,18.7,2026-08-17
8,Morze Bałtyckie,HEL,pomorskie,19.0,2026-08-17
9,Morze Bałtyckie,PUCK,pomorskie,brak danych,2026-08-17
10,Morze Bałtyckie,GDYNIA,pomorskie,18.6,2026-08-17
11,Morze Bałtyckie,GDAŃSK-PORT PÓŁNOCNY,pomorskie,19.0,2026-08-17
12,Morze Bałtyckie,NOWY ŚWIAT - UJŚCIE,pomorskie,19.8,2026-08-17
13,Zalew Wiślany,NOWY ŚWIAT - ZALEW,pomorskie,19.9,2026-08-17
14,Zalew Wiślany,KRYNICA MORSKA,pomorskie,20.0,2026-08-17
15,Zalew Wiślany,OSŁONKA,pomorskie,brak danych,2026-08-17
16,Elbląg,NOWAKOWO,warmińsko-mazurskie,brak danych,2026-08-17
17,Zalew Wiślany,TOLKMICKO,warmińsko-mazurskie,19.7,2026-08-17
18,Zalew Wiślany,NOWA PASŁĘKA,warmińsko-mazurskie,20.0,2026-08-17
19,Cieśnina Dziwna,WOLIN,zachodniopomorskie,21.8,2026-08-17
20,Jez. Morzycko,PRZYJEZIERZE,zachodniopomorskie,22.2,2026-08-17
21,Jez. Ińsko,IŃSKO,zachodniopomorskie,21.2,2026-08-17
22,Jez. Lubie,LUBIESZEWO,zachodniopomorskie,21.8,2026-08-17
23,Jez. Ostrowite,WYSPA POKRZYWKA,zachodniopomorskie,22.2,2026-08-17
24,Jez. Jamno,UNIEŚCIE,zachodniopomorskie,21.0,2026-08-17
25,Jez. Komorze,SIKORY,zachodniopomorskie,21.6,2026-08-17
26,Jez. Drawsko,CZAPLINEK,zachodniopomorskie,20.2,2026-08-17
27,Jez. Bytyń Wielki,NAKIELNO,zachodniopomorskie,23.1,2026-08-17
28,Jez. Gardno,GARDNA WIELKA,pomorskie,20.2,2026-08-17
29,Jez. Łebsko,IZBICA,pomorskie,17.0,2026-08-17
30,Jez. Jasień Pd.,JASIEŃ,pomorskie,21.4,2026-08-17
31,Jez. Charzykowskie,CHARZYKOWY,pomorskie,20.3,2026-08-17
32,Jez. Wdzydze,JEZIORNA,pomorskie,21.0,2026-08-17
33,Jez. Raduńskie Górne,BORUCINO,pomorskie,20.1,2026-08-17
34,Jez. Ostrzyckie,OSTRZYCE,pomorskie,20.2,2026-08-17
35,Jez. Dzierzgoń,PRABUTY,pomorskie,19.8,2026-08-17
36,Jez. Żabie,ŁUGI,lubuskie,21.5,2026-08-17
37,Jez. Niesłysz,PRZEŁAZY,lubuskie,23.0,2026-08-17
38,Jez. Sławskie,RADZYŃ,lubuskie,22.9,2026-08-17
39,Jez. Sławianowskie,BUNTOWO,wielkopolskie,21.2,2026-08-17
40,Jez. Powidzkie,POWIDZ,wielkopolskie,22.0,2026-08-17
41,Jez. Sępoleńskie,SĘPÓLNO KRAJEŃSKIE,kujawsko-pomorskie,22.3,2026-08-17
42,Jez. Gopło,KRUSZWICA,kujawsko-pomorskie,22.7,2026-08-17
43,Jez. Bachotek,BACHOTEK,kujawsko-pomorskie,21.4,2026-08-17
44,Jez. Druzno,ŻUKOWO,warmińsko-mazurskie,19.6,2026-08-17
45,Jez. Jeziorak,IŁAWA,warmińsko-mazurskie,20.7,2026-08-17
46,Jez. Dadaj,DADAJ,warmińsko-mazurskie,21.3,2026-08-17
47,Jez. Nidzkie,RUCIANE-NIDA,warmińsko-mazurskie,22.1,2026-08-17
48,Jez. Mikołajskie,MIKOŁAJKI,warmińsko-mazurskie,21.3,2026-08-17
49,Jez. Śniardwy,GŁODOWO,warmińsko-mazurskie,20.9,2026-08-17
50,Jez. Roś,MALDANIN,warmińsko-mazurskie,22.1,2026-08-17
51,Jez. Mamry,PRZYSTAŃ,warmińsko-mazurskie,19.8,2026-08-17
52,Jez. Litygajno,BORKI,warmińsko-mazurskie,20.3,2026-08-17
53,Jez. Ełckie,EŁK,warmińsko-mazurskie,21.2,2026-08-17
54,Jez. Selmęt Wielki,SORDACHY,warmińsko-mazurskie,20.9,2026-08-17
55,Jez. Białe Augustowskie,PRZEWIĘŹ,podlaskie,21.7,2026-08-17
56,Jez. Rospuda Filipowska,WÓLKA,podlaskie,19.9,2026-08-17
57,Jez. Hańcza,WRÓBEL,podlaskie,20.4,2026-08-17
58,Jez. Rajgrodzkie,RAJGRÓD,podlaskie,21.4,2026-08-17
59,Jez. Wigry,WIGRY,podlaskie,21.4,2026-08-17
60,Jez. Studzieniczne,PRZEWIĘŹ,podlaskie,21.2,2026-08-17
61,Jez. Morskie Oko,MORSKIE OKO,małopolskie,16.0,2026-08-17
1,Morze Bałtyckie,ŚWINOUJŚCIE,zachodniopomorskie,20.2,2026-08-18
2,Morze Bałtyckie,KOŁOBRZEG,zachodniopomorskie,18.5,2026-08-18
3,Morze Bałtyckie,DARŁOWO,zachodniopomorskie,19.2,2026-08-18
4,Morze Bałtyckie,USTKA,pomorskie,17.6,2026-08-18
5,Morze Bałtyckie,ŁEBA,pomorskie,18.4,2026-08-18
6,Morze Bałtyckie,DĘBKI,pomorskie,18.4,2026-08-18
7,Morze Bałtyckie,WŁADYSŁAWOWO,pomorskie,18.7,2026-08-18
8,Morze Bałtyckie,HEL,pomorskie,18.8,2026-08-18
9,Morze Bałtyckie,PUCK,pomorskie,20.1,2026-08-18
10,Morze Bałtyckie,GDYNIA,pomorskie,18.4,2026-08-18
11,Morze Bałtyckie,GDAŃSK-PORT PÓŁNOCNY,pomorskie,18.8,2026-08-18
12,Morze Bałtyckie,NOWY ŚWIAT - UJŚCIE,pomorskie,19.5,2026-08-18
13,Zalew Wiślany,NOWY ŚWIAT - ZALEW,pomorskie,19.7,2026-08-18
14,Zalew Wiślany,KRYNICA MORSKA,pomorskie,19.5,2026-08-18
15,Zalew Wiślany,OSŁONKA,pomorskie,brak danych,2026-08-18
16,Elbląg,NOWAKOWO,warmińsko-mazurskie,brak danych,2026-08-18
17,Zalew Wiślany,TOLKMICKO,warmińsko-mazurskie,19.2,2026-08-18
18,Zalew Wiślany,NOWA PASŁĘKA,warmińsko-mazurskie,19.7,2026-08-18
19,Cieśnina Dziwna,WOLIN,zachodniopomorskie,20.9,2026-08-18
20,Jez. Morzycko,PRZYJEZIERZE,zachodniopomorskie,22.0,2026-08-18
21,Jez. Ińsko,IŃSKO,zachodniopomorskie,21.0,2026-08-18
22,Jez. Lubie,LUBIESZEWO,zachodniopomorskie,20.8,2026-08-18
23,Jez. Ostrowite,WYSPA POKRZYWKA,zachodniopomorskie,21.9,2026-08-18
24,Jez. Jamno,UNIEŚCIE,zachodniopomorskie,20.6,2026-08-18
25,Jez. Komorze,SIKORY,zachodniopomorskie,20.8,2026-08-18
26,Jez. Drawsko,CZAPLINEK,zachodniopomorskie,19.7,2026-08-18
27,Jez. Bytyń Wielki,NAKIELNO,zachodniopomorskie,22.8,2026-08-18
28,Jez. Gardno,GARDNA WIELKA,pomorskie,19.5,2026-08-18
29,Jez. Łebsko,IZBICA,pomorskie,16.8,2026-08-18
30,Jez. Jasień Pd.,JASIEŃ,pomorskie,20.6,2026-08-18
31,Jez. Charzykowskie,CHARZYKOWY,pomorskie,19.6,2026-08-18
32,Jez. Wdzydze,JEZIORNA,pomorskie,20.3,2026-08-18
33,Jez. Raduńskie Górne,BORUCINO,pomorskie,19.3,2026-08-18
34,Jez. Ostrzyckie,OSTRZYCE,pomorskie,19.7,2026-08-18
35,Jez. Dzierzgoń,PRABUTY,pomorskie,19.4,2026-08-18
36,Jez. Żabie,ŁUGI,lubuskie,21.0,2026-08-18
37,Jez. Niesłysz,PRZEŁAZY,lubuskie,23.0,2026-08-18
38,Jez. Sławskie,RADZYŃ,lubuskie,22.3,2026-08-18
39,Jez. Sławianowskie,BUNTOWO,wielkopolskie,20.8,2026-08-18
40,Jez. Powidzkie,POWIDZ,wielkopolskie,21.7,2026-08-18
41,Jez. Sępoleńskie,SĘPÓLNO KRAJEŃSKIE,kujawsko-pomorskie,21.4,2026-08-18
42,Jez. Gopło,KRUSZWICA,kujawsko-pomorskie,22.3,2026-08-18
43,Jez. Bachotek,BACHOTEK,kujawsko-pomorskie,21.0,2026-08-18
44,Jez. Druzno,ŻUKOWO,warmińsko-mazurskie,19.4,2026-08-18
45,Jez. Jeziorak,IŁAWA,warmińsko-mazurskie,20.4,2026-08-18
46,Jez. Dadaj,DADAJ,warmińsko-mazurskie,21.2,2026-08-18
47,Jez. Nidzkie,RUCIANE-NIDA,warmińsko-mazurskie,22.4,2026-08-18
48,Jez. Mikołajskie,MIKOŁAJKI,warmińsko-mazurskie,21.0,2026-08-18
49,Jez. Śniardwy,GŁODOWO,warmińsko-mazurskie,20.3,2026-08-18
50,Jez. Roś,MALDANIN,warmińsko-mazurskie,21.9,2026-08-18
51,Jez. Mamry,PRZYSTAŃ,warmińsko-mazurskie,19.7,2026-08-18
52,Jez. Litygajno,BORKI,warmińsko-mazurskie,20.2,2026-08-18
53,Jez. Ełckie,EŁK,warmińsko-mazurskie,20.7,2026-08-18
54,Jez. Selmęt Wielki,SORDACHY,warmińsko-mazurskie,20.6,2026-08-18
55,Jez. Białe Augustowskie,PRZEWIĘŹ,podlaskie,21.4,2026-08-18
56,Jez. Rospuda Filipowska,WÓLKA,podlaskie,19.5,2026-08-18
57,Jez. Hańcza,WRÓBEL,podlaskie,20.2,2026-08-18
58,Jez. Rajgrodzkie,RAJGRÓD,podlaskie,21.2,2026-08-18
59,Jez. Wigry,WIGRY,podlaskie,21.1,2026-08-18
60,Jez. Studzieniczne,PRZEWIĘŹ,podlaskie,21.0,2026-08-18
61,Jez. Morskie Oko,MORSKIE OKO,małopolskie,15.4,2026-08-18
1,Morze Bałtyckie,ŚWINOUJŚCIE,zachodniopomorskie,20.1,2026-08-19
2,Morze Bałtyckie,KOŁOBRZEG,zachodniopomorskie,18.6,2026-08-19
3,Morze Bałtyckie,DARŁOWO,zachodniopomorskie,18.5,2026-08-19
4,Morze Bałtyckie,USTKA,pomorskie,17.2,2026-08-19
5,Morze Bałtyckie,ŁEBA,pomorskie,16.9,2026-08-19
6,Morze Bałtyckie,DĘBKI,pomorskie,17.6,2026-08-19
7,Morze Bałtyckie,WŁADYSŁAWOWO,pomorskie,18.7,2026-08-19
8,Morze Bałtyckie,HEL,pomorskie,18.4,2026-08-19
9,Morze Bałtyckie,PUCK,pomorskie,brak danych,2026-08-19
10,Morze Bałtyckie,GDYNIA,pomorskie,18.1,2026-08-19
11,Morze Bałtyckie,GDAŃSK-PORT PÓŁNOCNY,pomorskie,18.8,2026-08-19
12,Morze Bałtyckie,NOWY ŚWIAT - UJŚCIE,pomorskie,19.3,2026-08-19
13,Zalew Wiślany,NOWY ŚWIAT - ZALEW,pomorskie,19.0,2026-08-19
14,Zalew Wiślany,KRYNICA MORSKA,pomorskie,18.6,2026-08-19
15,Zalew Wiślany,OSŁONKA,pomorskie,brak danych,2026-08-19
16,Elbląg,NOWAKOWO,warmińsko-mazurskie,brak danych,2026-08-19
17,Zalew Wiślany,TOLKMICKO,warmińsko-mazurskie,18.7,2026-08-19
18,Zalew Wiślany,NOWA PASŁĘKA,warmińsko-mazurskie,18.9,2026-08-19
19,Cieśnina Dziwna,WOLIN,zachodniopomorskie,19.8,2026-08-19
20,Jez. Morzycko,PRZYJEZIERZE,zachodniopomorskie,21.6,2026-08-19
21,Jez. Ińsko,IŃSKO,zachodniopomorskie,20.6,2026-08-19
22,Jez. Lubie,LUBIESZEWO,zachodniopomorskie,20.2,2026-08-19
23,Jez. Ostrowite,WYSPA POKRZYWKA,zachodniopomorskie,21.5,2026-08-19
24,Jez. Jamno,UNIEŚCIE,zachodniopomorskie,19.8,2026-08-19
25,Jez. Komorze,SIKORY,zachodniopomorskie,20.8,2026-08-19
26,Jez. Drawsko,CZAPLINEK,zachodniopomorskie,19.6,2026-08-19
27,Jez. Bytyń Wielki,NAKIELNO,zachodniopomorskie,22.5,2026-08-19
28,Jez. Gardno,GARDNA WIELKA,pomorskie,19.0,2026-08-19
29,Jez. Łebsko,IZBICA,pomorskie,16.4,2026-08-19
30,Jez. Jasień Pd.,JASIEŃ,pomorskie,19.8,2026-08-19
31,Jez. Charzykowskie,CHARZYKOWY,pomorskie,19.5,2026-08-19
32,Jez. Wdzydze,JEZIORNA,pomorskie,20.2,2026-08-19
33,Jez. Raduńskie Górne,BORUCINO,pomorskie,19.3,2026-08-19
34,Jez. Ostrzyckie,OSTRZYCE,pomorskie,19.3,2026-08-19
35,Jez. Dzierzgoń,PRABUTY,pomorskie,19.4,2026-08-19
36,Jez. Żabie,ŁUGI,lubuskie,20.8,2026-08-19
37,Jez. Niesłysz,PRZEŁAZY,lubuskie,22.6,2026-08-19
38,Jez. Sławskie,RADZYŃ,lubuskie,21.8,2026-08-19
39,Jez. Sławianowskie,BUNTOWO,wielkopolskie,brak danych,2026-08-19
40,Jez. Powidzkie,POWIDZ,wielkopolskie,21.4,2026-08-19
41,Jez. Sępoleńskie,SĘPÓLNO KRAJEŃSKIE,kujawsko-pomorskie,20.7,2026-08-19
42,Jez. Gopło,KRUSZWICA,kujawsko-pomorskie,21.7,2026-08-19
43,Jez. Bachotek,BACHOTEK,kujawsko-pomorskie,20.7,2026-08-19
44,Jez. Druzno,ŻUKOWO,warmińsko-mazurskie,19.1,2026-08-19
45,Jez. Jeziorak,IŁAWA,warmińsko-mazurskie,20.0,2026-08-19
46,Jez. Dadaj,DADAJ,warmińsko-mazurskie,20.6,2026-08-19
47,Jez. Nidzkie,RUCIANE-NIDA,warmińsko-mazurskie,21.2,2026-08-19
48,Jez. Mikołajskie,MIKOŁAJKI,warmińsko-mazurskie,20.7,2026-08-19
49,Jez. Śniardwy,GŁODOWO,warmińsko-mazurskie,19.3,2026-08-19
50,Jez. Roś,MALDANIN,warmińsko-mazurskie,20.8,2026-08-19
51,Jez. Mamry,PRZYSTAŃ,warmińsko-mazurskie,19.2,2026-08-19
52,Jez. Litygajno,BORKI,warmińsko-mazurskie,19.6,2026-08-19
53,Jez. Ełckie,EŁK,warmińsko-mazurskie,20.2,2026-08-19
54,Jez. Selmęt Wielki,SORDACHY,warmińsko-mazurskie,20.2,2026-08-19
55,Jez. Białe Augustowskie,PRZEWIĘŹ,podlaskie,21.0,2026-08-19
56,Jez. Rospuda Filipowska,WÓLKA,podlaskie,19.2,2026-08-19
57,Jez. Hańcza,WRÓBEL,podlaskie,20.0,2026-08-19
58,Jez. Rajgrodzkie,RAJGRÓD,podlaskie,20.5,2026-08-19
59,Jez. Wigry,WIGRY,podlaskie,20.6,2026-08-19
60,Jez. Studzieniczne,PRZEWIĘŹ,podlaskie,20.6,2026-08-19
61,Jez. Morskie Oko,MORSKIE OKO,małopolskie,14.6,2026-08-19
1,Morze Bałtyckie,ŚWINOUJŚCIE,zachodniopomorskie,20.0,2026-08-20
2,Morze Bałtyckie,KOŁOBRZEG,zachodniopomorskie,17.7,2026-08-20
3,Morze Bałtyckie,DARŁOWO,zachodniopomorskie,18.4,2026-08-20
4,Morze Bałtyckie,USTKA,pomorskie,16.5,2026-08-20
5,Morze Bałtyckie,ŁEBA,pomorskie,17.4,2026-08-20
6,Morze Bałtyckie,DĘBKI,pomorskie,17.4,2026-08-20
7,Morze Bałtyckie,WŁADYSŁAWOWO,pomorskie,18.7,2026-08-20
8,Morze Bałtyckie,HEL,pomorskie,18.4,2026-08-20
9,Morze Bałtyckie,PUCK,pomorskie,brak danych,2026-08-20
10,Morze Bałtyckie,GDYNIA,pomorskie,18.2,2026-08-20
11,Morze Bałtyckie,GDAŃSK-PORT PÓŁNOCNY,pomorskie,18.8,2026-08-20
12,Morze Bałtyckie,NOWY ŚWIAT - UJŚCIE,pomorskie,19.2,2026-08-20
13,Zalew Wiślany,NOWY ŚWIAT - ZALEW,pomorskie,18.4,2026-08-20
14,Zalew Wiślany,KRYNICA MORSKA,pomorskie,18.4,2026-08-20
15,Zalew Wiślany,OSŁONKA,pomorskie,brak danych,2026-08-20
16,Elbląg,NOWAKOWO,warmińsko-mazurskie,brak danych,2026-08-20
17,Zalew Wiślany,TOLKMICKO,warmińsko-mazurskie,18.1,2026-08-20
18,Zalew Wiślany,NOWA PASŁĘKA,warmińsko-mazurskie,18.7,2026-08-20
19,Cieśnina Dziwna,WOLIN,zachodniopomorskie,19.1,2026-08-20
20,Jez. Morzycko,PRZYJEZIERZE,zachodniopomorskie,21.2,2026-08-20
21,Jez. Ińsko,IŃSKO,zachodniopomorskie,20.4,2026-08-20
22,Jez. Lubie,LUBIESZEWO,zachodniopomorskie,20.4,2026-08-20
23,Jez. Ostrowite,WYSPA POKRZYWKA,zachodniopomorskie,21.3,2026-08-20
24,Jez. Jamno,UNIEŚCIE,zachodniopomorskie,brak danych,2026-08-20
25,Jez. Komorze,SIKORY,zachodniopomorskie,20.5,2026-08-20
26,Jez. Drawsko,CZAPLINEK,zachodniopomorskie,19.5,2026-08-20
27,Jez. Bytyń Wielki,NAKIELNO,zachodniopomorskie,22.2,2026-08-20
28,Jez. Gardno,GARDNA WIELKA,pomorskie,18.6,2026-08-20
29,Jez. Łebsko,IZBICA,pomorskie,16.1,2026-08-20
30,Jez. Jasień Pd.,JASIEŃ,pomorskie,20.0,2026-08-20
31,Jez. Charzykowskie,CHARZYKOWY,pomorskie,18.9,2026-08-20
32,Jez. Wdzydze,JEZIORNA,pomorskie,20.1,2026-08-20
33,Jez. Raduńskie Górne,BORUCINO,pomorskie,18.7,2026-08-20
34,Jez. Ostrzyckie,OSTRZYCE,pomorskie,19.1,2026-08-20
35,Jez. Dzierzgoń,PRABUTY,pomorskie,19.6,2026-08-20
36,Jez. Żabie,ŁUGI,lubuskie,20.6,2026-08-20
37,Jez. Niesłysz,PRZEŁAZY,lubuskie,22.0,2026-08-20
38,Jez. Sławskie,RADZYŃ,lubuskie,21.5,2026-08-20
39,Jez. Sławianowskie,BUNTOWO,wielkopolskie,20.3,2026-08-20
40,Jez. Powidzkie,POWIDZ,wielkopolskie,21.1,2026-08-20
41,Jez. Sępoleńskie,SĘPÓLNO KRAJEŃSKIE,kujawsko-pomorskie,20.3,2026-08-20
42,Jez. Gopło,KRUSZWICA,kujawsko-pomorskie,21.9,2026-08-20
43,Jez. Bachotek,BACHOTEK,kujawsko-pomorskie,20.8,2026-08-20
44,Jez. Druzno,ŻUKOWO,warmińsko-mazurskie,18.8,2026-08-20
45,Jez. Jeziorak,IŁAWA,warmińsko-mazurskie,19.8,2026-08-20
46,Jez. Dadaj,DADAJ,warmińsko-mazurskie,20.6,2026-08-20
47,Jez. Nidzkie,RUCIANE-NIDA,warmińsko-mazurskie,21.3,2026-08-20
48,Jez. Mikołajskie,MIKOŁAJKI,warmińsko-mazurskie,19.8,2026-08-20
49,Jez. Śniardwy,GŁODOWO,warmińsko-mazurskie,19.5,2026-08-20
50,Jez. Roś,MALDANIN,warmińsko-mazurskie,21.2,2026-08-20
51,Jez. Mamry,PRZYSTAŃ,warmińsko-mazurskie,19.4,2026-08-20
52,Jez. Litygajno,BORKI,warmińsko-mazurskie,20.2,2026-08-20
53,Jez. Ełckie,EŁK,warmińsko-mazurskie,20.1,2026-08-20
54,Jez. Selmęt Wielki,SORDACHY,warmińsko-mazurskie,19.8,2026-08-20
55,Jez. Białe Augustowskie,PRZEWIĘŹ,podlaskie,20.9,2026-08-20
56,Jez. Rospuda Filipowska,WÓLKA,podlaskie,19.4,2026-08-20
57,Jez. Hańcza,WRÓBEL,podlaskie,19.9,2026-08-20
58,Jez. Rajgrodzkie,RAJGRÓD,podlaskie,20.5,2026-08-20
59,Jez. Wigry,WIGRY,podlaskie,20.4,2026-08-20
60,Jez. Studzieniczne,PRZEWIĘŹ,podlaskie,20.5,2026-08-20
61,Jez. Morskie Oko,MORSKIE OKO,małopolskie,14.6,2026-08-20
1,Morze Bałtyckie,ŚWINOUJŚCIE,zachodniopomorskie,19.9,2026-08-21
2,Morze Bałtyckie,KOŁOBRZEG,zachodniopomorskie,18.7,2026-08-21
3,Morze Bałtyckie,DARŁOWO,zachodniopomorskie,18.9,2026-08-21
4,Morze Bałtyckie,USTKA,pomorskie,16.7,2026-08-21
5,Morze Bałtyckie,ŁEBA,pomorskie,18.0,2026-08-21
6,Morze Bałtyckie,DĘBKI,pomorskie,17.5,2026-08-21
7,Morze Bałtyckie,WŁADYSŁAWOWO,pomorskie,18.8,2026-08-21
8,Morze Bałtyckie,HEL,pomorskie,18.6,2026-08-21
9,Morze Bałtyckie,PUCK,pomorskie,brak danych,2026-08-21
10,Morze Bałtyckie,GDYNIA,pomorskie,18.3,2026-08-21
11,Morze Bałtyckie,GDAŃSK-PORT PÓŁNOCNY,pomorskie,18.9,2026-08-21
12,Morze Bałtyckie,NOWY ŚWIAT - UJŚCIE,pomorskie,19.2,2026-08-21
13,Zalew Wiślany,NOWY ŚWIAT - ZALEW,pomorskie,18.6,2026-08-21
14,Zalew Wiślany,KRYNICA MORSKA,pomorskie,18.5,2026-08-21
15,Zalew Wiślany,OSŁONKA,pomorskie,brak danych,2026-08-21
16,Elbląg,NOWAKOWO,warmińsko-mazurskie,brak danych,2026-08-21
17,Zalew Wiślany,TOLKMICKO,warmińsko-mazurskie,18.4,2026-08-21
18,Zalew Wiślany,NOWA PASŁĘKA,warmińsko-mazurskie,19.3,2026-08-21
19,Cieśnina Dziwna,WOLIN,zachodniopomorskie,19.6,2026-08-21
20,Jez. Morzycko,PRZYJEZIERZE,zachodniopomorskie,21.2,2026-08-21
21,Jez. Ińsko,IŃSKO,zachodniopomorskie,20.4,2026-08-21
22,Jez. Lubie,LUBIESZEWO,zachodniopomorskie,19.8,2026-08-21
23,Jez. Ostrowite,WYSPA POKRZYWKA,zachodniopomorskie,20.9,2026-08-21
24,Jez. Jamno,UNIEŚCIE,zachodniopomorskie,20.0,2026-08-21
25,Jez. Komorze,SIKORY,zachodniopomorskie,20.4,2026-08-21
26,Jez. Drawsko,CZAPLINEK,zachodniopomorskie,19.4,2026-08-21
27,Jez. Bytyń Wielki,NAKIELNO,zachodniopomorskie,21.2,2026-08-21
28,Jez. Gardno,GARDNA WIELKA,pomorskie,18.3,2026-08-21
29,Jez. Łebsko,IZBICA,pomorskie,16.2,2026-08-21
30,Jez. Jasień Pd.,JASIEŃ,pomorskie,20.6,2026-08-21
31,Jez. Charzykowskie,CHARZYKOWY,pomorskie,19.5,2026-08-21
32,Jez. Wdzydze,JEZIORNA,pomorskie,20.0,2026-08-21
33,Jez. Raduńskie Górne,BORUCINO,pomorskie,19.1,2026-08-21
34,Jez. Ostrzyckie,OSTRZYCE,pomorskie,19.2,2026-08-21
35,Jez. Dzierzgoń,PRABUTY,pomorskie,19.4,2026-08-21
36,Jez. Żabie,ŁUGI,lubuskie,20.6,2026-08-21
37,Jez. Niesłysz,PRZEŁAZY,lubuskie,22.0,2026-08-21
38,Jez. Sławskie,RADZYŃ,lubuskie,21.7,2026-08-21
39,Jez. Sławianowskie,BUNTOWO,wielkopolskie,20.5,2026-08-21
40,Jez. Powidzkie,POWIDZ,wielkopolskie,21.1,2026-08-21
41,Jez. Sępoleńskie,SĘPÓLNO KRAJEŃSKIE,kujawsko-pomorskie,20.8,2026-08-21
42,Jez. Gopło,KRUSZWICA,kujawsko-pomorskie,22.0,2026-08-21
43,Jez. Bachotek,BACHOTEK,kujawsko-pomorskie,20.7,2026-08-21
44,Jez. Druzno,ŻUKOWO,warmińsko-mazurskie,18.7,2026-08-21
45,Jez. Jeziorak,IŁAWA,warmińsko-mazurskie,19.9,2026-08-21
46,Jez. Dadaj,DADAJ,warmińsko-mazurskie,20.6,2026-08-21
47,Jez. Nidzkie,RUCIANE-NIDA,warmińsko-mazurskie,21.2,2026-08-21
48,Jez. Mikołajskie,MIKOŁAJKI,warmińsko-mazurskie,20.6,2026-08-21
49,Jez. Śniardwy,GŁODOWO,warmińsko-mazurskie,19.9,2026-08-21
50,Jez. Roś,MALDANIN,warmińsko-mazurskie,21.2,2026-08-21
51,Jez. Mamry,PRZYSTAŃ,warmińsko-mazurskie,19.3,2026-08-21
52,Jez. Litygajno,BORKI,warmińsko-mazurskie,20.0,2026-08-21
53,Jez. Ełckie,EŁK,warmińsko-mazurskie,20.3,2026-08-21
54,Jez. Selmęt Wielki,SORDACHY,warmińsko-mazurskie,19.7,2026-08-21
55,Jez. Białe Augustowskie,PRZEWIĘŹ,podlaskie,21.0,2026-08-21
56,Jez. Rospuda Filipowska,WÓLKA,podlaskie,19.4,2026-08-21
57,Jez. Hańcza,WRÓBEL,podlaskie,19.7,2026-08-21
58,Jez. Rajgrodzkie,RAJGRÓD,podlaskie,20.5,2026-08-21
59,Jez. Wigry,WIGRY,podlaskie,20.5,2026-08-21
60,Jez. Studzieniczne,PRZEWIĘŹ,podlaskie,20.3,2026-08-21
61,Jez. Morskie Oko,MORSKIE OKO,małopolskie,14.6,2026-08-21
1,Morze Bałtyckie,ŚWINOUJŚCIE,zachodniopomorskie,20.0,2026-08-22
2,Morze Bałtyckie,KOŁOBRZEG,zachodniopomorskie,19.1,2026-08-22
3,Morze Bałtyckie,DARŁOWO,zachodniopomorskie,19.0,2026-08-22
4,Morze Bałtyckie,USTKA,pomorskie,17.3,2026-08-22
5,Morze Bałtyckie,ŁEBA,pomorskie,18.7,2026-08-22
6,Morze Bałtyckie,DĘBKI,pomorskie,18.4,2026-08-22
7,Morze Bałtyckie,WŁADYSŁAWOWO,pomorskie,19.1,2026-08-22
8,Morze Bałtyckie,HEL,pomorskie,18.8,2026-08-22
9,Morze Bałtyckie,PUCK,pomorskie,19.3,2026-08-22
10,Morze Bałtyckie,GDYNIA,pomorskie,18.6,2026-08-22
11,Morze Bałtyckie,GDAŃSK-PORT PÓŁNOCNY,pomorskie,19.1,2026-08-22
12,Morze Bałtyckie,NOWY ŚWIAT - UJŚCIE,pomorskie,19.1,2026-08-22
13,Zalew Wiślany,NOWY ŚWIAT - ZALEW,pomorskie,18.9,2026-08-22
14,Zalew Wiślany,KRYNICA MORSKA,pomorskie,18.7,2026-08-22
15,Zalew Wiślany,OSŁONKA,pomorskie,brak danych,2026-08-22
16,Elbląg,NOWAKOWO,warmińsko-mazurskie,brak danych,2026-08-22
17,Zalew Wiślany,TOLKMICKO,warmińsko-mazurskie,18.7,2026-08-22
18,Zalew Wiślany,NOWA PASŁĘKA,warmińsko-mazurskie,19.5,2026-08-22
19,Cieśnina Dziwna,WOLIN,zachodniopomorskie,20.1,2026-08-22
20,Jez. Morzycko,PRZYJEZIERZE,zachodniopomorskie,21.3,2026-08-22
21,Jez. Ińsko,IŃSKO,zachodniopomorskie,20.2,2026-08-22
22,Jez. Lubie,LUBIESZEWO,zachodniopomorskie,20.8,2026-08-22
23,Jez. Ostrowite,WYSPA POKRZYWKA,zachodniopomorskie,21.3,2026-08-22
24,Jez. Jamno,UNIEŚCIE,zachodniopomorskie,20.8,2026-08-22
25,Jez. Komorze,SIKORY,zachodniopomorskie,20.7,2026-08-22
26,Jez. Drawsko,CZAPLINEK,zachodniopomorskie,19.4,2026-08-22
27,Jez. Bytyń Wielki,NAKIELNO,zachodniopomorskie,21.3,2026-08-22
28,Jez. Gardno,GARDNA WIELKA,pomorskie,18.0,2026-08-22
29,Jez. Łebsko,IZBICA,pomorskie,16.4,2026-08-22
30,Jez. Jasień Pd.,JASIEŃ,pomorskie,20.2,2026-08-22
31,Jez. Charzykowskie,CHARZYKOWY,pomorskie,18.5,2026-08-22
32,Jez. Wdzydze,JEZIORNA,pomorskie,19.3,2026-08-22
33,Jez. Raduńskie Górne,BORUCINO,pomorskie,18.8,2026-08-22
34,Jez. Ostrzyckie,OSTRZYCE,pomorskie,19.1,2026-08-22
35,Jez. Dzierzgoń,PRABUTY,pomorskie,19.4,2026-08-22
36,Jez. Żabie,ŁUGI,lubuskie,20.6,2026-08-22
37,Jez. Niesłysz,PRZEŁAZY,lubuskie,22.0,2026-08-22
38,Jez. Sławskie,RADZYŃ,lubuskie,22.1,2026-08-22
39,Jez. Sławianowskie,BUNTOWO,wielkopolskie,20.0,2026-08-22
40,Jez. Powidzkie,POWIDZ,wielkopolskie,brak danych,2026-08-22
41,Jez. Sępoleńskie,SĘPÓLNO KRAJEŃSKIE,kujawsko-pomorskie,20.6,2026-08-22
42,Jez. Gopło,KRUSZWICA,kujawsko-pomorskie,21.4,2026-08-22
43,Jez. Bachotek,BACHOTEK,kujawsko-pomorskie,20.0,2026-08-22
44,Jez. Druzno,ŻUKOWO,warmińsko-mazurskie,18.8,2026-08-22
45,Jez. Jeziorak,IŁAWA,warmińsko-mazurskie,20.0,2026-08-22
46,Jez. Dadaj,DADAJ,warmińsko-mazurskie,20.7,2026-08-22
47,Jez. Nidzkie,RUCIANE-NIDA,warmińsko-mazurskie,21.6,2026-08-22
48,Jez. Mikołajskie,MIKOŁAJKI,warmińsko-mazurskie,21.4,2026-08-22
49,Jez. Śniardwy,GŁODOWO,warmińsko-mazurskie,20.8,2026-08-22
50,Jez. Roś,MALDANIN,warmińsko-mazurskie,22.1,2026-08-22
51,Jez. Mamry,PRZYSTAŃ,warmińsko-mazurskie,20.1,2026-08-22
52,Jez. Litygajno,BORKI,warmińsko-mazurskie,21.0,2026-08-22
53,Jez. Ełckie,EŁK,warmińsko-mazurskie,20.3,2026-08-22
54,Jez. Selmęt Wielki,SORDACHY,warmińsko-mazurskie,20.3,2026-08-22
55,Jez. Białe Augustowskie,PRZEWIĘŹ,podlaskie,20.5,2026-08-22
56,Jez. Rospuda Filipowska,WÓLKA,podlaskie,19.7,2026-08-22
57,Jez. Hańcza,WRÓBEL,podlaskie,20.1,2026-08-22
58,Jez. Rajgrodzkie,RAJGRÓD,podlaskie,20.4,2026-08-22
59,Jez. Wigry,WIGRY,podlaskie,21.1,2026-08-22
60,Jez. Studzieniczne,PRZEWIĘŹ,podlaskie,20.1,2026-08-22
61,Jez. Morskie Oko,MORSKIE OKO,małopolskie,14.1,2026-08-22
1,Morze Bałtyckie,ŚWINOUJŚCIE,zachodniopomorskie,19.7,2026-08-23
2,Morze Bałtyckie,KOŁOBRZEG,zachodniopomorskie,17.4,2026-08-23
3,Morze Bałtyckie,DARŁOWO,zachodniopomorskie,18.3,2026-08-23
4,Morze Bałtyckie,USTKA,pomorskie,16.9,2026-08-23
5,Morze Bałtyckie,ŁEBA,pomorskie,17.4,2026-08-23
6,Morze Bałtyckie,DĘBKI,pomorskie,17.4,2026-08-23
7,Morze Bałtyckie,WŁADYSŁAWOWO,pomorskie,18.6,2026-08-23
8,Morze Bałtyckie,HEL,pomorskie,18.2,2026-08-23
9,Morze Bałtyckie,PUCK,pomorskie,18.6,2026-08-23
10,Morze Bałtyckie,GDYNIA,pomorskie,17.9,2026-08-23
11,Morze Bałtyckie,GDAŃSK-PORT PÓŁNOCNY,pomorskie,18.7,2026-08-23
12,Morze Bałtyckie,NOWY ŚWIAT - UJŚCIE,pomorskie,18.6,2026-08-23
13,Zalew Wiślany,NOWY ŚWIAT - ZALEW,pomorskie,17.2,2026-08-23
14,Zalew Wiślany,KRYNICA MORSKA,pomorskie,17.2,2026-08-23
15,Zalew Wiślany,OSŁONKA,pomorskie,brak danych,2026-08-23
16,Elbląg,NOWAKOWO,warmińsko-mazurskie,brak danych,2026-08-23
17,Zalew Wiślany,TOLKMICKO,warmińsko-mazurskie,17.3,2026-08-23
18,Zalew Wiślany,NOWA PASŁĘKA,warmińsko-mazurskie,17.3,2026-08-23
19,Cieśnina Dziwna,WOLIN,zachodniopomorskie,18.8,2026-08-23
20,Jez. Morzycko,PRZYJEZIERZE,zachodniopomorskie,20.8,2026-08-23
21,Jez. Ińsko,IŃSKO,zachodniopomorskie,19.8,2026-08-23
22,Jez. Lubie,LUBIESZEWO,zachodniopomorskie,19.8,2026-08-23
23,Jez. Ostrowite,WYSPA POKRZYWKA,zachodniopomorskie,20.8,2026-08-23
24,Jez. Jamno,UNIEŚCIE,zachodniopomorskie,18.8,2026-08-23
25,Jez. Komorze,SIKORY,zachodniopomorskie,20.0,2026-08-23
26,Jez. Drawsko,CZAPLINEK,zachodniopomorskie,19.3,2026-08-23
27,Jez. Bytyń Wielki,NAKIELNO,zachodniopomorskie,20.7,2026-08-23
28,Jez. Gardno,GARDNA WIELKA,pomorskie,17.7,2026-08-23
29,Jez. Łebsko,IZBICA,pomorskie,16.1,2026-08-23
30,Jez. Jasień Pd.,JASIEŃ,pomorskie,19.6,2026-08-23
31,Jez. Charzykowskie,CHARZYKOWY,pomorskie,18.4,2026-08-23
32,Jez. Wdzydze,JEZIORNA,pomorskie,19.3,2026-08-23
33,Jez. Raduńskie Górne,BORUCINO,pomorskie,17.7,2026-08-23
34,Jez. Ostrzyckie,OSTRZYCE,pomorskie,18.5,2026-08-23
35,Jez. Dzierzgoń,PRABUTY,pomorskie,18.7,2026-08-23
36,Jez. Żabie,ŁUGI,lubuskie,20.0,2026-08-23
37,Jez. Niesłysz,PRZEŁAZY,lubuskie,21.6,2026-08-23
38,Jez. Sławskie,RADZYŃ,lubuskie,21.0,2026-08-23
39,Jez. Sławianowskie,BUNTOWO,wielkopolskie,19.7,2026-08-23
40,Jez. Powidzkie,POWIDZ,wielkopolskie,brak danych,2026-08-23
41,Jez. Sępoleńskie,SĘPÓLNO KRAJEŃSKIE,kujawsko-pomorskie,20.1,2026-08-23
42,Jez. Gopło,KRUSZWICA,kujawsko-pomorskie,20.7,2026-08-23
43,Jez. Bachotek,BACHOTEK,kujawsko-pomorskie,19.7,2026-08-23
44,Jez. Druzno,ŻUKOWO,warmińsko-mazurskie,18.5,2026-08-23
45,Jez. Jeziorak,IŁAWA,warmińsko-mazurskie,19.1,2026-08-23
46,Jez. Dadaj,DADAJ,warmińsko-mazurskie,20.0,2026-08-23
47,Jez. Nidzkie,RUCIANE-NIDA,warmińsko-mazurskie,20.1,2026-08-23
48,Jez. Mikołajskie,MIKOŁAJKI,warmińsko-mazurskie,20.2,2026-08-23
49,Jez. Śniardwy,GŁODOWO,warmińsko-mazurskie,18.0,2026-08-23
50,Jez. Roś,MALDANIN,warmińsko-mazurskie,20.0,2026-08-23
51,Jez. Mamry,PRZYSTAŃ,warmińsko-mazurskie,18.4,2026-08-23
52,Jez. Litygajno,BORKI,warmińsko-mazurskie,19.1,2026-08-23
53,Jez. Ełckie,EŁK,warmińsko-mazurskie,19.3,2026-08-23
54,Jez. Selmęt Wielki,SORDACHY,warmińsko-mazurskie,18.7,2026-08-23
55,Jez. Białe Augustowskie,PRZEWIĘŹ,podlaskie,19.5,2026-08-23
56,Jez. Rospuda Filipowska,WÓLKA,podlaskie,18.2,2026-08-23
57,Jez. Hańcza,WRÓBEL,podlaskie,18.5,2026-08-23
58,Jez. Rajgrodzkie,RAJGRÓD,podlaskie,19.0,2026-08-23
59,Jez. Wigry,WIGRY,podlaskie,19.9,2026-08-23
60,Jez. Studzieniczne,PRZEWIĘŹ,podlaskie,19.6,2026-08-23
61,Jez. Morskie Oko,MORSKIE OKO,małopolskie,13.7,2026-08-23
1,Morze Bałtyckie,ŚWINOUJŚCIE,zachodniopomorskie,19.0,2026-08-24
2,Morze Bałtyckie,KOŁOBRZEG,zachodniopomorskie,17.8,2026-08-24
3,Morze Bałtyckie,DARŁOWO,zachodniopomorskie,17.8,2026-08-24
4,Morze Bałtyckie,USTKA,pomorskie,16.2,2026-08-24
5,Morze Bałtyckie,ŁEBA,pomorskie,17.3,2026-08-24
6,Morze Bałtyckie,DĘBKI,pomorskie,16.5,2026-08-24
7,Morze Bałtyckie,WŁADYSŁAWOWO,pomorskie,18.4,2026-08-24
8,Morze Bałtyckie,HEL,pomorskie,18.1,2026-08-24
9,Morze Bałtyckie,PUCK,pomorskie,18.1,2026-08-24
10,Morze Bałtyckie,GDYNIA,pomorskie,17.8,2026-08-24
11,Morze Bałtyckie,GDAŃSK-PORT PÓŁNOCNY,pomorskie,18.6,2026-08-24
12,Morze Bałtyckie,NOWY ŚWIAT - UJŚCIE,pomorskie,18.3,2026-08-24
13,Zalew Wiślany,NOWY ŚWIAT - ZALEW,pomorskie,17.0,2026-08-24
14,Zalew Wiślany,KRYNICA MORSKA,pomorskie,17.0,2026-08-24
15,Zalew Wiślany,OSŁONKA,pomorskie,brak danych,2026-08-24
16,Elbląg,NOWAKOWO,warmińsko-mazurskie,brak danych,2026-08-24
17,Zalew Wiślany,TOLKMICKO,warmińsko-mazurskie,17.4,2026-08-24
18,Zalew Wiślany,NOWA PASŁĘKA,warmińsko-mazurskie,17.7,2026-08-24
19,Cieśnina Dziwna,WOLIN,zachodniopomorskie,17.9,2026-08-24
20,Jez. Morzycko,PRZYJEZIERZE,zachodniopomorskie,20.2,2026-08-24
21,Jez. Ińsko,IŃSKO,zachodniopomorskie,brak danych,2026-08-24
22,Jez. Lubie,LUBIESZEWO,zachodniopomorskie,19.2,2026-08-24
23,Jez. Ostrowite,WYSPA POKRZYWKA,zachodniopomorskie,20.3,2026-08-24
24,Jez. Jamno,UNIEŚCIE,zachodniopomorskie,18.4,2026-08-24
25,Jez. Komorze,SIKORY,zachodniopomorskie,19.5,2026-08-24
26,Jez. Drawsko,CZAPLINEK,zachodniopomorskie,18.8,2026-08-24
27,Jez. Bytyń Wielki,NAKIELNO,zachodniopomorskie,20.5,2026-08-24
28,Jez. Gardno,GARDNA WIELKA,pomorskie,17.4,2026-08-24
29,Jez. Łebsko,IZBICA,pomorskie,15.9,2026-08-24
30,Jez. Jasień Pd.,JASIEŃ,pomorskie,brak danych,2026-08-24
31,Jez. Charzykowskie,CHARZYKOWY,pomorskie,18.6,2026-08-24
32,Jez. Wdzydze,JEZIORNA,pomorskie,19.1,2026-08-24
33,Jez. Raduńskie Górne,BORUCINO,pomorskie,18.1,2026-08-24
34,Jez. Ostrzyckie,OSTRZYCE,pomorskie,18.3,2026-08-24
35,Jez. Dzierzgoń,PRABUTY,pomorskie,18.6,2026-08-24
36,Jez. Żabie,ŁUGI,lubuskie,19.6,2026-08-24
37,Jez. Niesłysz,PRZEŁAZY,lubuskie,21.2,2026-08-24
38,Jez. Sławskie,RADZYŃ,lubuskie,20.6,2026-08-24
39,Jez. Sławianowskie,BUNTOWO,wielkopolskie,19.3,2026-08-24
40,Jez. Powidzkie,POWIDZ,wielkopolskie,19.9,2026-08-24
41,Jez. Sępoleńskie,SĘPÓLNO KRAJEŃSKIE,kujawsko-pomorskie,19.5,2026-08-24
42,Jez. Gopło,KRUSZWICA,kujawsko-pomorskie,20.1,2026-08-24
43,Jez. Bachotek,BACHOTEK,kujawsko-pomorskie,19.6,2026-08-24
44,Jez. Druzno,ŻUKOWO,warmińsko-mazurskie,18.2,2026-08-24
45,Jez. Jeziorak,IŁAWA,warmińsko-mazurskie,18.7,2026-08-24
46,Jez. Dadaj,DADAJ,warmińsko-mazurskie,19.8,2026-08-24
47,Jez. Nidzkie,RUCIANE-NIDA,warmińsko-mazurskie,19.5,2026-08-24
48,Jez. Mikołajskie,MIKOŁAJKI,warmińsko-mazurskie,19.7,2026-08-24
49,Jez. Śniardwy,GŁODOWO,warmińsko-mazurskie,17.2,2026-08-24
50,Jez. Roś,MALDANIN,warmińsko-mazurskie,19.4,2026-08-24
51,Jez. Mamry,PRZYSTAŃ,warmińsko-mazurskie,18.0,2026-08-24
52,Jez. Litygajno,BORKI,warmińsko-mazurskie,18.8,2026-08-24
53,Jez. Ełckie,EŁK,warmińsko-mazurskie,19.1,2026-08-24
54,Jez. Selmęt Wielki,SORDACHY,warmińsko-mazurskie,18.6,2026-08-24
55,Jez. Białe Augustowskie,PRZEWIĘŹ,podlaskie,19.3,2026-08-24
56,Jez. Rospuda Filipowska,WÓLKA,podlaskie,18.0,2026-08-24
57,Jez. Hańcza,WRÓBEL,podlaskie,18.2,2026-08-24
58,Jez. Rajgrodzkie,RAJGRÓD,podlaskie,18.8,2026-08-24
59,Jez. Wigry,WIGRY,podlaskie,19.5,2026-08-24
60,Jez. Studzieniczne,PRZEWIĘŹ,podlaskie,19.0,2026-08-24
61,Jez. Morskie Oko,MORSKIE OKO,małopolskie,13.6,2026-08-24
1,Morze Bałtyckie,ŚWINOUJŚCIE,zachodniopomorskie,19.2,2026-08-26
2,Morze Bałtyckie,KOŁOBRZEG,zachodniopomorskie,17.3,2026-08-26
3,Morze Bałtyckie,DARŁOWO,zachodniopomorskie,18.5,2026-08-26
4,Morze Bałtyckie,USTKA,pomorskie,16.6,2026-08-26
5,Morze Bałtyckie,ŁEBA,pomorskie,18.0,2026-08-26
6,Morze Bałtyckie,DĘBKI,pomorskie,17.1,2026-08-26
7,Morze Bałtyckie,WŁADYSŁAWOWO,pomorskie,18.9,2026-08-26
8,Morze Bałtyckie,HEL,pomorskie,18.5,2026-08-26
9,Morze Bałtyckie,PUCK,pomorskie,18.8,2026-08-26
10,Morze Bałtyckie,GDYNIA,pomorskie,18.6,2026-08-26
11,Morze Bałtyckie,GDAŃSK-PORT PÓŁNOCNY,pomorskie,19.1,2026-08-26
12,Morze Bałtyckie,NOWY ŚWIAT - UJŚCIE,pomorskie,18.6,2026-08-26
13,Zalew Wiślany,NOWY ŚWIAT - ZALEW,pomorskie,17.4,2026-08-26
14,Zalew Wiślany,KRYNICA MORSKA,pomorskie,17.3,2026-08-26
15,Zalew Wiślany,OSŁONKA,pomorskie,brak danych,2026-08-26
16,Elbląg,NOWAKOWO,warmińsko-mazurskie,brak danych,2026-08-26
17,Zalew Wiślany,TOLKMICKO,warmińsko-mazurskie,18.2,2026-08-26
18,Zalew Wiślany,NOWA PASŁĘKA,warmińsko-mazurskie,17.2,2026-08-26
19,Cieśnina Dziwna,WOLIN,zachodniopomorskie,18.9,2026-08-26
20,Jez. Morzycko,PRZYJEZIERZE,zachodniopomorskie,19.9,2026-08-26
21,Jez. Ińsko,IŃSKO,zachodniopomorskie,19.2,2026-08-26
22,Jez. Lubie,LUBIESZEWO,zachodniopomorskie,19.8,2026-08-26
23,Jez. Ostrowite,WYSPA POKRZYWKA,zachodniopomorskie,20.1,2026-08-26
24,Jez. Jamno,UNIEŚCIE,zachodniopomorskie,19.4,2026-08-26
25,Jez. Komorze,SIKORY,zachodniopomorskie,19.9,2026-08-26
26,Jez. Drawsko,CZAPLINEK,zachodniopomorskie,18.5,2026-08-26
27,Jez. Bytyń Wielki,NAKIELNO,zachodniopomorskie,19.7,2026-08-26
28,Jez. Gardno,GARDNA WIELKA,pomorskie,18.5,2026-08-26
29,Jez. Łebsko,IZBICA,pomorskie,16.2,2026-08-26
30,Jez. Jasień Pd.,JASIEŃ,pomorskie,19.8,2026-08-26
31,Jez. Charzykowskie,CHARZYKOWY,pomorskie,19.1,2026-08-26
32,Jez. Wdzydze,JEZIORNA,pomorskie,19.3,2026-08-26
33,Jez. Raduńskie Górne,BORUCINO,pomorskie,17.9,2026-08-26
34,Jez. Ostrzyckie,OSTRZYCE,pomorskie,18.2,2026-08-26
35,Jez. Dzierzgoń,PRABUTY,pomorskie,19.6,2026-08-26
36,Jez. Żabie,ŁUGI,lubuskie,19.4,2026-08-26
37,Jez. Niesłysz,PRZEŁAZY,lubuskie,20.5,2026-08-26
38,Jez. Sławskie,RADZYŃ,lubuskie,20.1,2026-08-26
39,Jez. Sławianowskie,BUNTOWO,wielkopolskie,19.8,2026-08-26
40,Jez. Powidzkie,POWIDZ,wielkopolskie,20.0,2026-08-26
41,Jez. Sępoleńskie,SĘPÓLNO KRAJEŃSKIE,kujawsko-pomorskie,20.2,2026-08-26
42,Jez. Gopło,KRUSZWICA,kujawsko-pomorskie,20.8,2026-08-26
43,Jez. Bachotek,BACHOTEK,kujawsko-pomorskie,19.6,2026-08-26
44,Jez. Druzno,ŻUKOWO,warmińsko-mazurskie,17.6,2026-08-26
45,Jez. Jeziorak,IŁAWA,warmińsko-mazurskie,19.5,2026-08-26
46,Jez. Dadaj,DADAJ,warmińsko-mazurskie,19.5,2026-08-26
47,Jez. Nidzkie,RUCIANE-NIDA,warmińsko-mazurskie,19.2,2026-08-26
48,Jez. Mikołajskie,MIKOŁAJKI,warmińsko-mazurskie,19.3,2026-08-26
49,Jez. Śniardwy,GŁODOWO,warmińsko-mazurskie,18.5,2026-08-26
50,Jez. Roś,MALDANIN,warmińsko-mazurskie,20.4,2026-08-26
51,Jez. Mamry,PRZYSTAŃ,warmińsko-mazurskie,18.4,2026-08-26
52,Jez. Litygajno,BORKI,warmińsko-mazurskie,18.9,2026-08-26
53,Jez. Ełckie,EŁK,warmińsko-mazurskie,19.3,2026-08-26
54,Jez. Selmęt Wielki,SORDACHY,warmińsko-mazurskie,18.6,2026-08-26
55,Jez. Białe Augustowskie,PRZEWIĘŹ,podlaskie,18.6,2026-08-26
56,Jez. Rospuda Filipowska,WÓLKA,podlaskie,18.0,2026-08-26
57,Jez. Hańcza,WRÓBEL,podlaskie,18.8,2026-08-26
58,Jez. Rajgrodzkie,RAJGRÓD,podlaskie,19.3,2026-08-26
59,Jez. Wigry,WIGRY,podlaskie,19.5,2026-08-26
60,Jez. Studzieniczne,PRZEWIĘŹ,podlaskie,18.6,2026-08-26
61,Jez. Morskie Oko,MORSKIE OKO,małopolskie,13.7,2026-08-26
1,Morze Bałtyckie,ŚWINOUJŚCIE,zachodniopomorskie,19.2,2026-08-27
2,Morze Bałtyckie,KOŁOBRZEG,zachodniopomorskie,17.4,2026-08-27
3,Morze Bałtyckie,DARŁOWO,zachodniopomorskie,18.6,2026-08-27
4,Morze Bałtyckie,USTKA,pomorskie,16.4,2026-08-27
5,Morze Bałtyckie,ŁEBA,pomorskie,17.8,2026-08-27
6,Morze Bałtyckie,DĘBKI,pomorskie,17.3,2026-08-27
7,Morze Bałtyckie,WŁADYSŁAWOWO,pomorskie,18.9,2026-08-27
8,Morze Bałtyckie,HEL,pomorskie,18.5,2026-08-27
9,Morze Bałtyckie,PUCK,pomorskie,18.9,2026-08-27
10,Morze Bałtyckie,GDYNIA,pomorskie,18.5,2026-08-27
11,Morze Bałtyckie,GDAŃSK-PORT PÓŁNOCNY,pomorskie,19.2,2026-08-27
12,Morze Bałtyckie,NOWY ŚWIAT - UJŚCIE,pomorskie,18.6,2026-08-27
13,Zalew Wiślany,NOWY ŚWIAT - ZALEW,pomorskie,17.6,2026-08-27
14,Zalew Wiślany,KRYNICA MORSKA,pomorskie,17.5,2026-08-27
15,Zalew Wiślany,OSŁONKA,pomorskie,brak danych,2026-08-27
16,Elbląg,NOWAKOWO,warmińsko-mazurskie,brak danych,2026-08-27
17,Zalew Wiślany,TOLKMICKO,warmińsko-mazurskie,18.7,2026-08-27
18,Zalew Wiślany,NOWA PASŁĘKA,warmińsko-mazurskie,16.6,2026-08-27
19,Cieśnina Dziwna,WOLIN,zachodniopomorskie,18.6,2026-08-27
20,Jez. Morzycko,PRZYJEZIERZE,zachodniopomorskie,19.9,2026-08-27
21,Jez. Ińsko,IŃSKO,zachodniopomorskie,19.2,2026-08-27
22,Jez. Lubie,LUBIESZEWO,zachodniopomorskie,19.2,2026-08-27
23,Jez. Ostrowite,WYSPA POKRZYWKA,zachodniopomorskie,20.2,2026-08-27
24,Jez. Jamno,UNIEŚCIE,zachodniopomorskie,19.2,2026-08-27
25,Jez. Komorze,SIKORY,zachodniopomorskie,19.8,2026-08-27
26,Jez. Drawsko,CZAPLINEK,zachodniopomorskie,18.2,2026-08-27
27,Jez. Bytyń Wielki,NAKIELNO,zachodniopomorskie,19.5,2026-08-27
28,Jez. Gardno,GARDNA WIELKA,pomorskie,18.7,2026-08-27
29,Jez. Łebsko,IZBICA,pomorskie,16.2,2026-08-27
30,Jez. Jasień Pd.,JASIEŃ,pomorskie,19.6,2026-08-27
31,Jez. Charzykowskie,CHARZYKOWY,pomorskie,19.3,2026-08-27
32,Jez. Wdzydze,JEZIORNA,pomorskie,19.7,2026-08-27
33,Jez. Raduńskie Górne,BORUCINO,pomorskie,17.7,2026-08-27
34,Jez. Ostrzyckie,OSTRZYCE,pomorskie,18.0,2026-08-27
35,Jez. Dzierzgoń,PRABUTY,pomorskie,19.5,2026-08-27
36,Jez. Żabie,ŁUGI,lubuskie,19.4,2026-08-27
37,Jez. Niesłysz,PRZEŁAZY,lubuskie,20.3,2026-08-27
38,Jez. Sławskie,RADZYŃ,lubuskie,19.9,2026-08-27
39,Jez. Sławianowskie,BUNTOWO,wielkopolskie,19.9,2026-08-27
40,Jez. Powidzkie,POWIDZ,wielkopolskie,20.1,2026-08-27
41,Jez. Sępoleńskie,SĘPÓLNO KRAJEŃSKIE,kujawsko-pomorskie,20.3,2026-08-27
42,Jez. Gopło,KRUSZWICA,kujawsko-pomorskie,20.5,2026-08-27
43,Jez. Bachotek,BACHOTEK,kujawsko-pomorskie,19.6,2026-08-27
44,Jez. Druzno,ŻUKOWO,warmińsko-mazurskie,17.6,2026-08-27
45,Jez. Jeziorak,IŁAWA,warmińsko-mazurskie,19.9,2026-08-27
46,Jez. Dadaj,DADAJ,warmińsko-mazurskie,19.7,2026-08-27
47,Jez. Nidzkie,RUCIANE-NIDA,warmińsko-mazurskie,19.4,2026-08-27
48,Jez. Mikołajskie,MIKOŁAJKI,warmińsko-mazurskie,19.3,2026-08-27
49,Jez. Śniardwy,GŁODOWO,warmińsko-mazurskie,19.0,2026-08-27
50,Jez. Roś,MALDANIN,warmińsko-mazurskie,20.6,2026-08-27
51,Jez. Mamry,PRZYSTAŃ,warmińsko-mazurskie,18.7,2026-08-27
52,Jez. Litygajno,BORKI,warmińsko-mazurskie,19.0,2026-08-27
53,Jez. Ełckie,EŁK,warmińsko-mazurskie,19.6,2026-08-27
54,Jez. Selmęt Wielki,SORDACHY,warmińsko-mazurskie,19.5,2026-08-27
55,Jez. Białe Augustowskie,PRZEWIĘŹ,podlaskie,19.2,2026-08-27
56,Jez. Rospuda Filipowska,WÓLKA,podlaskie,18.5,2026-08-27
57,Jez. Hańcza,WRÓBEL,podlaskie,18.9,2026-08-27
58,Jez. Rajgrodzkie,RAJGRÓD,podlaskie,19.8,2026-08-27
59,Jez. Wigry,WIGRY,podlaskie,brak danych,2026-08-27
60,Jez. Studzieniczne,PRZEWIĘŹ,podlaskie,19.2,2026-08-27
61,Jez. Morskie Oko,MORSKIE OKO,małopolskie,13.6,2026-08-27
1,Morze Bałtyckie,ŚWINOUJŚCIE,zachodniopomorskie,19.3,2026-08-28
2,Morze Bałtyckie,KOŁOBRZEG,zachodniopomorskie,17.3,2026-08-28
3,Morze Bałtyckie,DARŁOWO,zachodniopomorskie,18.6,2026-08-28
4,Morze Bałtyckie,USTKA,pomorskie,16.6,2026-08-28
5,Morze Bałtyckie,ŁEBA,pomorskie,17.9,2026-08-28
6,Morze Bałtyckie,DĘBKI,pomorskie,18.2,2026-08-28
7,Morze Bałtyckie,WŁADYSŁAWOWO,pomorskie,19.1,2026-08-28
8,Morze Bałtyckie,HEL,pomorskie,18.7,2026-08-28
9,Morze Bałtyckie,PUCK,pomorskie,19.1,2026-08-28
10,Morze Bałtyckie,GDYNIA,pomorskie,19.0,2026-08-28
11,Morze Bałtyckie,GDAŃSK-PORT PÓŁNOCNY,pomorskie,19.4,2026-08-28
12,Morze Bałtyckie,NOWY ŚWIAT - UJŚCIE,pomorskie,18.4,2026-08-28
13,Zalew Wiślany,NOWY ŚWIAT - ZALEW,pomorskie,18.2,2026-08-28
14,Zalew Wiślany,KRYNICA MORSKA,pomorskie,17.7,2026-08-28
15,Zalew Wiślany,OSŁONKA,pomorskie,brak danych,2026-08-28
16,Elbląg,NOWAKOWO,warmińsko-mazurskie,brak danych,2026-08-28
17,Zalew Wiślany,TOLKMICKO,warmińsko-mazurskie,18.5,2026-08-28
18,Zalew Wiślany,NOWA PASŁĘKA,warmińsko-mazurskie,17.2,2026-08-28
19,Cieśnina Dziwna,WOLIN,zachodniopomorskie,19.2,2026-08-28
20,Jez. Morzycko,PRZYJEZIERZE,zachodniopomorskie,19.5,2026-08-28
21,Jez. Ińsko,IŃSKO,zachodniopomorskie,19.2,2026-08-28
22,Jez. Lubie,LUBIESZEWO,zachodniopomorskie,19.4,2026-08-28
23,Jez. Ostrowite,WYSPA POKRZYWKA,zachodniopomorskie,20.3,2026-08-28
24,Jez. Jamno,UNIEŚCIE,zachodniopomorskie,20.0,2026-08-28
25,Jez. Komorze,SIKORY,zachodniopomorskie,19.9,2026-08-28
26,Jez. Drawsko,CZAPLINEK,zachodniopomorskie,17.9,2026-08-28
27,Jez. Bytyń Wielki,NAKIELNO,zachodniopomorskie,brak danych,2026-08-28
28,Jez. Gardno,GARDNA WIELKA,pomorskie,18.2,2026-08-28
29,Jez. Łebsko,IZBICA,pomorskie,16.1,2026-08-28
30,Jez. Jasień Pd.,JASIEŃ,pomorskie,brak danych,2026-08-28
31,Jez. Charzykowskie,CHARZYKOWY,pomorskie,18.8,2026-08-28
32,Jez. Wdzydze,JEZIORNA,pomorskie,19.3,2026-08-28
33,Jez. Raduńskie Górne,BORUCINO,pomorskie,18.1,2026-08-28
34,Jez. Ostrzyckie,OSTRZYCE,pomorskie,18.2,2026-08-28
35,Jez. Dzierzgoń,PRABUTY,pomorskie,20.0,2026-08-28
36,Jez. Żabie,ŁUGI,lubuskie,19.4,2026-08-28
37,Jez. Niesłysz,PRZEŁAZY,lubuskie,20.3,2026-08-28
38,Jez. Sławskie,RADZYŃ,lubuskie,19.9,2026-08-28
39,Jez. Sławianowskie,BUNTOWO,wielkopolskie,20.0,2026-08-28
40,Jez. Powidzkie,POWIDZ,wielkopolskie,20.2,2026-08-28
41,Jez. Sępoleńskie,SĘPÓLNO KRAJEŃSKIE,kujawsko-pomorskie,20.0,2026-08-28
42,Jez. Gopło,KRUSZWICA,kujawsko-pomorskie,20.9,2026-08-28
43,Jez. Bachotek,BACHOTEK,kujawsko-pomorskie,19.1,2026-08-28
44,Jez. Druzno,ŻUKOWO,warmińsko-mazurskie,17.6,2026-08-28
45,Jez. Jeziorak,IŁAWA,warmińsko-mazurskie,19.1,2026-08-28
46,Jez. Dadaj,DADAJ,warmińsko-mazurskie,19.5,2026-08-28
47,Jez. Nidzkie,RUCIANE-NIDA,warmińsko-mazurskie,19.2,2026-08-28
48,Jez. Mikołajskie,MIKOŁAJKI,warmińsko-mazurskie,19.4,2026-08-28
49,Jez. Śniardwy,GŁODOWO,warmińsko-mazurskie,18.7,2026-08-28
50,Jez. Roś,MALDANIN,warmińsko-mazurskie,19.8,2026-08-28
51,Jez. Mamry,PRZYSTAŃ,warmińsko-mazurskie,18.9,2026-08-28
52,Jez. Litygajno,BORKI,warmińsko-mazurskie,19.5,2026-08-28
53,Jez. Ełckie,EŁK,warmińsko-mazurskie,19.3,2026-08-28
54,Jez. Selmęt Wielki,SORDACHY,warmińsko-mazurskie,18.4,2026-08-28
55,Jez. Białe Augustowskie,PRZEWIĘŹ,podlaskie,19.1,2026-08-28
56,Jez. Rospuda Filipowska,WÓLKA,podlaskie,17.7,2026-08-28
57,Jez. Hańcza,WRÓBEL,podlaskie,19.0,2026-08-28
58,Jez. Rajgrodzkie,RAJGRÓD,podlaskie,18.9,2026-08-28
59,Jez. Wigry,WIGRY,podlaskie,19.6,2026-08-28
60,Jez. Studzieniczne,PRZEWIĘŹ,podlaskie,19.4,2026-08-28
61,Jez. Morskie Oko,MORSKIE OKO,małopolskie,13.5,2026-08-28
1,Morze Bałtyckie,ŚWINOUJŚCIE,zachodniopomorskie,19.2,2026-08-29
2,Morze Bałtyckie,KOŁOBRZEG,zachodniopomorskie,15.7,2026-08-29
3,Morze Bałtyckie,DARŁOWO,zachodniopomorskie,18.2,2026-08-29
4,Morze Bałtyckie,USTKA,pomorskie,16.7,2026-08-29
5,Morze Bałtyckie,ŁEBA,pomorskie,17.7,2026-08-29
6,Morze Bałtyckie,DĘBKI,pomorskie,17.9,2026-08-29
7,Morze Bałtyckie,WŁADYSŁAWOWO,pomorskie,13.6,2026-08-29
8,Morze Bałtyckie,HEL,pomorskie,18.7,2026-08-29
9,Morze Bałtyckie,PUCK,pomorskie,19.4,2026-08-29
10,Morze Bałtyckie,GDYNIA,pomorskie,18.8,2026-08-29
11,Morze Bałtyckie,GDAŃSK-PORT PÓŁNOCNY,pomorskie,19.2,2026-08-29
12,Morze Bałtyckie,NOWY ŚWIAT - UJŚCIE,pomorskie,18.0,2026-08-29
13,Zalew Wiślany,NOWY ŚWIAT - ZALEW,pomorskie,18.5,2026-08-29
14,Zalew Wiślany,KRYNICA MORSKA,pomorskie,18.0,2026-08-29
15,Zalew Wiślany,OSŁONKA,pomorskie,brak danych,2026-08-29
16,Elbląg,NOWAKOWO,warmińsko-mazurskie,brak danych,2026-08-29
17,Zalew Wiślany,TOLKMICKO,warmińsko-mazurskie,18.1,2026-08-29
18,Zalew Wiślany,NOWA PASŁĘKA,warmińsko-mazurskie,17.6,2026-08-29
19,Cieśnina Dziwna,WOLIN,zachodniopomorskie,18.8,2026-08-29
20,Jez. Morzycko,PRZYJEZIERZE,zachodniopomorskie,19.5,2026-08-29
21,Jez. Ińsko,IŃSKO,zachodniopomorskie,19.4,2026-08-29
22,Jez. Lubie,LUBIESZEWO,zachodniopomorskie,19.8,2026-08-29
23,Jez. Ostrowite,WYSPA POKRZYWKA,zachodniopomorskie,20.4,2026-08-29
24,Jez. Jamno,UNIEŚCIE,zachodniopomorskie,19.4,2026-08-29
25,Jez. Komorze,SIKORY,zachodniopomorskie,19.5,2026-08-29
26,Jez. Drawsko,CZAPLINEK,zachodniopomorskie,17.7,2026-08-29
27,Jez. Bytyń Wielki,NAKIELNO,zachodniopomorskie,19.3,2026-08-29
28,Jez. Gardno,GARDNA WIELKA,pomorskie,18.0,2026-08-29
29,Jez. Łebsko,IZBICA,pomorskie,16.0,2026-08-29
30,Jez. Jasień Pd.,JASIEŃ,pomorskie,19.8,2026-08-29
31,Jez. Charzykowskie,CHARZYKOWY,pomorskie,18.8,2026-08-29
32,Jez. Wdzydze,JEZIORNA,pomorskie,19.1,2026-08-29
33,Jez. Raduńskie Górne,BORUCINO,pomorskie,18.1,2026-08-29
34,Jez. Ostrzyckie,OSTRZYCE,pomorskie,18.2,2026-08-29
35,Jez. Dzierzgoń,PRABUTY,pomorskie,19.6,2026-08-29
36,Jez. Żabie,ŁUGI,lubuskie,19.5,2026-08-29
37,Jez. Niesłysz,PRZEŁAZY,lubuskie,20.7,2026-08-29
38,Jez. Sławskie,RADZYŃ,lubuskie,20.1,2026-08-29
39,Jez. Sławianowskie,BUNTOWO,wielkopolskie,19.8,2026-08-29
40,Jez. Powidzkie,POWIDZ,wielkopolskie,brak danych,2026-08-29
41,Jez. Sępoleńskie,SĘPÓLNO KRAJEŃSKIE,kujawsko-pomorskie,19.1,2026-08-29
42,Jez. Gopło,KRUSZWICA,kujawsko-pomorskie,20.7,2026-08-29
43,Jez. Bachotek,BACHOTEK,kujawsko-pomorskie,19.7,2026-08-29
44,Jez. Druzno,ŻUKOWO,warmińsko-mazurskie,17.6,2026-08-29
45,Jez. Jeziorak,IŁAWA,warmińsko-mazurskie,18.7,2026-08-29
46,Jez. Dadaj,DADAJ,warmińsko-mazurskie,19.4,2026-08-29
47,Jez. Nidzkie,RUCIANE-NIDA,warmińsko-mazurskie,19.2,2026-08-29
48,Jez. Mikołajskie,MIKOŁAJKI,warmińsko-mazurskie,19.5,2026-08-29
49,Jez. Śniardwy,GŁODOWO,warmińsko-mazurskie,18.7,2026-08-29
50,Jez. Roś,MALDANIN,warmińsko-mazurskie,19.6,2026-08-29
51,Jez. Mamry,PRZYSTAŃ,warmińsko-mazurskie,18.2,2026-08-29
52,Jez. Litygajno,BORKI,warmińsko-mazurskie,19.3,2026-08-29
53,Jez. Ełckie,EŁK,warmińsko-mazurskie,18.9,2026-08-29
54,Jez. Selmęt Wielki,SORDACHY,warmińsko-mazurskie,17.9,2026-08-29
55,Jez. Białe Augustowskie,PRZEWIĘŹ,podlaskie,18.8,2026-08-29
56,Jez. Rospuda Filipowska,WÓLKA,podlaskie,17.4,2026-08-29
57,Jez. Hańcza,WRÓBEL,podlaskie,18.5,2026-08-29
58,Jez. Rajgrodzkie,RAJGRÓD,podlaskie,18.3,2026-08-29
59,Jez. Wigry,WIGRY,podlaskie,19.3,2026-08-29
60,Jez. Studzieniczne,PRZEWIĘŹ,podlaskie,18.9,2026-08-29
61,Jez. Morskie Oko,MORSKIE OKO,małopolskie,14.1,2026-08-29
1,Morze Bałtyckie,ŚWINOUJŚCIE,zachodniopomorskie,19.2,2026-08-30
2,Morze Bałtyckie,KOŁOBRZEG,zachodniopomorskie,17.4,2026-08-30
3,Morze Bałtyckie,DARŁOWO,zachodniopomorskie,18.7,2026-08-30
4,Morze Bałtyckie,USTKA,pomorskie,16.9,2026-08-30
5,Morze Bałtyckie,ŁEBA,pomorskie,18.3,2026-08-30
6,Morze Bałtyckie,DĘBKI,pomorskie,18.0,2026-08-30
7,Morze Bałtyckie,WŁADYSŁAWOWO,pomorskie,14.6,2026-08-30
8,Morze Bałtyckie,HEL,pomorskie,18.9,2026-08-30
9,Morze Bałtyckie,PUCK,pomorskie,19.4,2026-08-30
10,Morze Bałtyckie,GDYNIA,pomorskie,18.9,2026-08-30
11,Morze Bałtyckie,GDAŃSK-PORT PÓŁNOCNY,pomorskie,18.8,2026-08-30
12,Morze Bałtyckie,NOWY ŚWIAT - UJŚCIE,pomorskie,17.5,2026-08-30
13,Zalew Wiślany,NOWY ŚWIAT - ZALEW,pomorskie,18.3,2026-08-30
14,Zalew Wiślany,KRYNICA MORSKA,pomorskie,18.1,2026-08-30
15,Zalew Wiślany,OSŁONKA,pomorskie,brak danych,2026-08-30
16,Elbląg,NOWAKOWO,warmińsko-mazurskie,brak danych,2026-08-30
17,Zalew Wiślany,TOLKMICKO,warmińsko-mazurskie,18.0,2026-08-30
18,Zalew Wiślany,NOWA PASŁĘKA,warmińsko-mazurskie,17.5,2026-08-30
19,Cieśnina Dziwna,WOLIN,zachodniopomorskie,19.4,2026-08-30
20,Jez. Morzycko,PRZYJEZIERZE,zachodniopomorskie,18.9,2026-08-30
21,Jez. Ińsko,IŃSKO,zachodniopomorskie,19.4,2026-08-30
22,Jez. Lubie,LUBIESZEWO,zachodniopomorskie,20.2,2026-08-30
23,Jez. Ostrowite,WYSPA POKRZYWKA,zachodniopomorskie,20.4,2026-08-30
24,Jez. Jamno,UNIEŚCIE,zachodniopomorskie,20.0,2026-08-30
25,Jez. Komorze,SIKORY,zachodniopomorskie,20.1,2026-08-30
26,Jez. Drawsko,CZAPLINEK,zachodniopomorskie,18.2,2026-08-30
27,Jez. Bytyń Wielki,NAKIELNO,zachodniopomorskie,18.7,2026-08-30
28,Jez. Gardno,GARDNA WIELKA,pomorskie,18.6,2026-08-30
29,Jez. Łebsko,IZBICA,pomorskie,16.0,2026-08-30
30,Jez. Jasień Pd.,JASIEŃ,pomorskie,20.0,2026-08-30
31,Jez. Charzykowskie,CHARZYKOWY,pomorskie,19.1,2026-08-30
32,Jez. Wdzydze,JEZIORNA,pomorskie,19.2,2026-08-30
33,Jez. Raduńskie Górne,BORUCINO,pomorskie,18.5,2026-08-30
34,Jez. Ostrzyckie,OSTRZYCE,pomorskie,18.6,2026-08-30
35,Jez. Dzierzgoń,PRABUTY,pomorskie,19.1,2026-08-30
36,Jez. Żabie,ŁUGI,lubuskie,19.6,2026-08-30
37,Jez. Niesłysz,PRZEŁAZY,lubuskie,20.7,2026-08-30
38,Jez. Sławskie,RADZYŃ,lubuskie,20.1,2026-08-30
39,Jez. Sławianowskie,BUNTOWO,wielkopolskie,19.9,2026-08-30
40,Jez. Powidzkie,POWIDZ,wielkopolskie,brak danych,2026-08-30
41,Jez. Sępoleńskie,SĘPÓLNO KRAJEŃSKIE,kujawsko-pomorskie,19.3,2026-08-30
42,Jez. Gopło,KRUSZWICA,kujawsko-pomorskie,20.6,2026-08-30
43,Jez. Bachotek,BACHOTEK,kujawsko-pomorskie,19.2,2026-08-30
44,Jez. Druzno,ŻUKOWO,warmińsko-mazurskie,17.6,2026-08-30
45,Jez. Jeziorak,IŁAWA,warmińsko-mazurskie,18.8,2026-08-30
46,Jez. Dadaj,DADAJ,warmińsko-mazurskie,19.1,2026-08-30
47,Jez. Nidzkie,RUCIANE-NIDA,warmińsko-mazurskie,18.9,2026-08-30
48,Jez. Mikołajskie,MIKOŁAJKI,warmińsko-mazurskie,19.4,2026-08-30
49,Jez. Śniardwy,GŁODOWO,warmińsko-mazurskie,18.2,2026-08-30
50,Jez. Roś,MALDANIN,warmińsko-mazurskie,19.5,2026-08-30
51,Jez. Mamry,PRZYSTAŃ,warmińsko-mazurskie,18.1,2026-08-30
52,Jez. Litygajno,BORKI,warmińsko-mazurskie,19.0,2026-08-30
53,Jez. Ełckie,EŁK,warmińsko-mazurskie,18.7,2026-08-30
54,Jez. Selmęt Wielki,SORDACHY,warmińsko-mazurskie,18.3,2026-08-30
55,Jez. Białe Augustowskie,PRZEWIĘŹ,podlaskie,19.0,2026-08-30
56,Jez. Rospuda Filipowska,WÓLKA,podlaskie,17.4,2026-08-30
57,Jez. Hańcza,WRÓBEL,podlaskie,18.6,2026-08-30
58,Jez. Rajgrodzkie,RAJGRÓD,podlaskie,18.4,2026-08-30
59,Jez. Wigry,WIGRY,podlaskie,19.2,2026-08-30
60,Jez. Studzieniczne,PRZEWIĘŹ,podlaskie,19.1,2026-08-30
61,Jez. Morskie Oko,MORSKIE OKO,małopolskie,13.8,2026-08-30
1,Morze Bałtyckie,ŚWINOUJŚCIE,zachodniopomorskie,19.3,2026-08-31
2,Morze Bałtyckie,KOŁOBRZEG,zachodniopomorskie,18.0,2026-08-31
3,Morze Bałtyckie,DARŁOWO,zachodniopomorskie,19.0,2026-08-31
4,Morze Bałtyckie,USTKA,pomorskie,17.2,2026-08-31
5,Morze Bałtyckie,ŁEBA,pomorskie,18.6,2026-08-31
6,Morze Bałtyckie,DĘBKI,pomorskie,19.0,2026-08-31
7,Morze Bałtyckie,WŁADYSŁAWOWO,pomorskie,17.5,2026-08-31
8,Morze Bałtyckie,HEL,pomorskie,19.0,2026-08-31
9,Morze Bałtyckie,PUCK,pomorskie,19.5,2026-08-31
10,Morze Bałtyckie,GDYNIA,pomorskie,19.0,2026-08-31
11,Morze Bałtyckie,GDAŃSK-PORT PÓŁNOCNY,pomorskie,18.5,2026-08-31
12,Morze Bałtyckie,NOWY ŚWIAT - UJŚCIE,pomorskie,17.6,2026-08-31
13,Zalew Wiślany,NOWY ŚWIAT - ZALEW,pomorskie,19.2,2026-08-31
14,Zalew Wiślany,KRYNICA MORSKA,pomorskie,18.9,2026-08-31
15,Zalew Wiślany,OSŁONKA,pomorskie,brak danych,2026-08-31
16,Elbląg,NOWAKOWO,warmińsko-mazurskie,brak danych,2026-08-31
17,Zalew Wiślany,TOLKMICKO,warmińsko-mazurskie,18.1,2026-08-31
18,Zalew Wiślany,NOWA PASŁĘKA,warmińsko-mazurskie,18.0,2026-08-31
19,Cieśnina Dziwna,WOLIN,zachodniopomorskie,20.0,2026-08-31
20,Jez. Morzycko,PRZYJEZIERZE,zachodniopomorskie,19.1,2026-08-31
21,Jez. Ińsko,IŃSKO,zachodniopomorskie,19.6,2026-08-31
22,Jez. Lubie,LUBIESZEWO,zachodniopomorskie,20.2,2026-08-31
23,Jez. Ostrowite,WYSPA POKRZYWKA,zachodniopomorskie,20.3,2026-08-31
24,Jez. Jamno,UNIEŚCIE,zachodniopomorskie,20.2,2026-08-31
25,Jez. Komorze,SIKORY,zachodniopomorskie,19.9,2026-08-31
26,Jez. Drawsko,CZAPLINEK,zachodniopomorskie,18.5,2026-08-31
27,Jez. Bytyń Wielki,NAKIELNO,zachodniopomorskie,18.5,2026-08-31
28,Jez. Gardno,GARDNA WIELKA,pomorskie,19.0,2026-08-31
29,Jez. Łebsko,IZBICA,pomorskie,16.1,2026-08-31
30,Jez. Jasień Pd.,JASIEŃ,pomorskie,brak danych,2026-08-31
31,Jez. Charzykowskie,CHARZYKOWY,pomorskie,18.7,2026-08-31
32,Jez. Wdzydze,JEZIORNA,pomorskie,19.0,2026-08-31
33,Jez. Raduńskie Górne,BORUCINO,pomorskie,18.8,2026-08-31
34,Jez. Ostrzyckie,OSTRZYCE,pomorskie,18.8,2026-08-31
35,Jez. Dzierzgoń,PRABUTY,pomorskie,18.9,2026-08-31
36,Jez. Żabie,ŁUGI,lubuskie,19.5,2026-08-31
37,Jez. Niesłysz,PRZEŁAZY,lubuskie,20.9,2026-08-31
38,Jez. Sławskie,RADZYŃ,lubuskie,20.4,2026-08-31
39,Jez. Sławianowskie,BUNTOWO,wielkopolskie,20.0,2026-08-31
40,Jez. Powidzkie,POWIDZ,wielkopolskie,20.0,2026-08-31
41,Jez. Sępoleńskie,SĘPÓLNO KRAJEŃSKIE,kujawsko-pomorskie,19.9,2026-08-31
42,Jez. Gopło,KRUSZWICA,kujawsko-pomorskie,21.1,2026-08-31
43,Jez. Bachotek,BACHOTEK,kujawsko-pomorskie,19.8,2026-08-31
44,Jez. Druzno,ŻUKOWO,warmińsko-mazurskie,17.7,2026-08-31
45,Jez. Jeziorak,IŁAWA,warmińsko-mazurskie,19.1,2026-08-31
46,Jez. Dadaj,DADAJ,warmińsko-mazurskie,19.2,2026-08-31
47,Jez. Nidzkie,RUCIANE-NIDA,warmińsko-mazurskie,19.9,2026-08-31
48,Jez. Mikołajskie,MIKOŁAJKI,warmińsko-mazurskie,19.4,2026-08-31
49,Jez. Śniardwy,GŁODOWO,warmińsko-mazurskie,19.0,2026-08-31
50,Jez. Roś,MALDANIN,warmińsko-mazurskie,20.1,2026-08-31
51,Jez. Mamry,PRZYSTAŃ,warmińsko-mazurskie,18.7,2026-08-31
52,Jez. Litygajno,BORKI,warmińsko-mazurskie,19.5,2026-08-31
53,Jez. Ełckie,EŁK,warmińsko-mazurskie,18.9,2026-08-31
54,Jez. Selmęt Wielki,SORDACHY,warmińsko-mazurskie,19.2,2026-08-31
55,Jez. Białe Augustowskie,PRZEWIĘŹ,podlaskie,19.3,2026-08-31
56,Jez. Rospuda Filipowska,WÓLKA,podlaskie,17.6,2026-08-31
57,Jez. Hańcza,WRÓBEL,podlaskie,18.5,2026-08-31
58,Jez. Rajgrodzkie,RAJGRÓD,podlaskie,19.2,2026-08-31
59,Jez. Wigry,WIGRY,podlaskie,19.6,2026-08-31
60,Jez. Studzieniczne,PRZEWIĘŹ,podlaskie,19.3,2026-08-31
61,Jez. Morskie Oko,MORSKIE OKO,małopolskie,14.3,2026-08-31
1,Morze Bałtyckie,ŚWINOUJŚCIE,zachodniopomorskie,19.3,2026-09-01
2,Morze Bałtyckie,KOŁOBRZEG,zachodniopomorskie,18.1,2026-09-01
3,Morze Bałtyckie,DARŁOWO,zachodniopomorskie,19.0,2026-09-01
4,Morze Bałtyckie,USTKA,pomorskie,17.2,2026-09-01
5,Morze Bałtyckie,ŁEBA,pomorskie,18.2,2026-09-01
6,Morze Bałtyckie,DĘBKI,pomorskie,18.2,2026-09-01
7,Morze Bałtyckie,WŁADYSŁAWOWO,pomorskie,17.8,2026-09-01
8,Morze Bałtyckie,HEL,pomorskie,19.0,2026-09-01
9,Morze Bałtyckie,PUCK,pomorskie,19.4,2026-09-01
10,Morze Bałtyckie,GDYNIA,pomorskie,18.5,2026-09-01
11,Morze Bałtyckie,GDAŃSK-PORT PÓŁNOCNY,pomorskie,18.4,2026-09-01
12,Morze Bałtyckie,NOWY ŚWIAT - UJŚCIE,pomorskie,18.1,2026-09-01
13,Zalew Wiślany,NOWY ŚWIAT - ZALEW,pomorskie,19.3,2026-09-01
14,Zalew Wiślany,KRYNICA MORSKA,pomorskie,19.0,2026-09-01
15,Zalew Wiślany,OSŁONKA,pomorskie,brak danych,2026-09-01
16,Elbląg,NOWAKOWO,warmińsko-mazurskie,brak danych,2026-09-01
17,Zalew Wiślany,TOLKMICKO,warmińsko-mazurskie,19.2,2026-09-01
18,Zalew Wiślany,NOWA PASŁĘKA,warmińsko-mazurskie,18.0,2026-09-01
19,Cieśnina Dziwna,WOLIN,zachodniopomorskie,19.7,2026-09-01
20,Jez. Morzycko,PRZYJEZIERZE,zachodniopomorskie,19.7,2026-09-01
21,Jez. Ińsko,IŃSKO,zachodniopomorskie,19.4,2026-09-01
22,Jez. Lubie,LUBIESZEWO,zachodniopomorskie,19.0,2026-09-01
23,Jez. Ostrowite,WYSPA POKRZYWKA,zachodniopomorskie,20.2,2026-09-01
24,Jez. Jamno,UNIEŚCIE,zachodniopomorskie,20.0,2026-09-01
25,Jez. Komorze,SIKORY,zachodniopomorskie,19.9,2026-09-01
26,Jez. Drawsko,CZAPLINEK,zachodniopomorskie,18.3,2026-09-01
27,Jez. Bytyń Wielki,NAKIELNO,zachodniopomorskie,18.3,2026-09-01
28,Jez. Gardno,GARDNA WIELKA,pomorskie,19.0,2026-09-01
29,Jez. Łebsko,IZBICA,pomorskie,16.1,2026-09-01
30,Jez. Jasień Pd.,JASIEŃ,pomorskie,19.8,2026-09-01
31,Jez. Charzykowskie,CHARZYKOWY,pomorskie,18.4,2026-09-01
32,Jez. Wdzydze,JEZIORNA,pomorskie,19.2,2026-09-01
33,Jez. Raduńskie Górne,BORUCINO,pomorskie,18.3,2026-09-01
34,Jez. Ostrzyckie,OSTRZYCE,pomorskie,19.1,2026-09-01
35,Jez. Dzierzgoń,PRABUTY,pomorskie,19.1,2026-09-01
36,Jez. Żabie,ŁUGI,lubuskie,19.4,2026-09-01
37,Jez. Niesłysz,PRZEŁAZY,lubuskie,20.9,2026-09-01
38,Jez. Sławskie,RADZYŃ,lubuskie,20.3,2026-09-01
39,Jez. Sławianowskie,BUNTOWO,wielkopolskie,20.0,2026-09-01
40,Jez. Powidzkie,POWIDZ,wielkopolskie,19.9,2026-09-01
41,Jez. Sępoleńskie,SĘPÓLNO KRAJEŃSKIE,kujawsko-pomorskie,19.8,2026-09-01
42,Jez. Gopło,KRUSZWICA,kujawsko-pomorskie,21.2,2026-09-01
43,Jez. Bachotek,BACHOTEK,kujawsko-pomorskie,20.2,2026-09-01
44,Jez. Druzno,ŻUKOWO,warmińsko-mazurskie,17.9,2026-09-01
45,Jez. Jeziorak,IŁAWA,warmińsko-mazurskie,19.0,2026-09-01
46,Jez. Dadaj,DADAJ,warmińsko-mazurskie,19.8,2026-09-01
47,Jez. Nidzkie,RUCIANE-NIDA,warmińsko-mazurskie,20.5,2026-09-01
48,Jez. Mikołajskie,MIKOŁAJKI,warmińsko-mazurskie,20.0,2026-09-01
49,Jez. Śniardwy,GŁODOWO,warmińsko-mazurskie,19.5,2026-09-01
50,Jez. Roś,MALDANIN,warmińsko-mazurskie,20.5,2026-09-01
51,Jez. Mamry,PRZYSTAŃ,warmińsko-mazurskie,19.1,2026-09-01
52,Jez. Litygajno,BORKI,warmińsko-mazurskie,19.6,2026-09-01
53,Jez. Ełckie,EŁK,warmińsko-mazurskie,19.4,2026-09-01
54,Jez. Selmęt Wielki,SORDACHY,warmińsko-mazurskie,19.3,2026-09-01
55,Jez. Białe Augustowskie,PRZEWIĘŹ,podlaskie,19.4,2026-09-01
56,Jez. Rospuda Filipowska,WÓLKA,podlaskie,18.8,2026-09-01
57,Jez. Hańcza,WRÓBEL,podlaskie,18.7,2026-09-01
58,Jez. Rajgrodzkie,RAJGRÓD,podlaskie,19.7,2026-09-01
59,Jez. Wigry,WIGRY,podlaskie,brak danych,2026-09-01
60,Jez. Studzieniczne,PRZEWIĘŹ,podlaskie,19.5,2026-09-01
61,Jez. Morskie Oko,MORSKIE OKO,małopolskie,14.2,2026-09-01
1,Morze Bałtyckie,ŚWINOUJŚCIE,zachodniopomorskie,19.1,2026-09-02
2,Morze Bałtyckie,KOŁOBRZEG,zachodniopomorskie,17.8,2026-09-02
3,Morze Bałtyckie,DARŁOWO,zachodniopomorskie,18.4,2026-09-02
4,Morze Bałtyckie,USTKA,pomorskie,17.0,2026-09-02
5,Morze Bałtyckie,ŁEBA,pomorskie,18.1,2026-09-02
6,Morze Bałtyckie,DĘBKI,pomorskie,17.6,2026-09-02
7,Morze Bałtyckie,WŁADYSŁAWOWO,pomorskie,17.8,2026-09-02
8,Morze Bałtyckie,HEL,pomorskie,18.9,2026-09-02
9,Morze Bałtyckie,PUCK,pomorskie,19.2,2026-09-02
10,Morze Bałtyckie,GDYNIA,pomorskie,18.1,2026-09-02
11,Morze Bałtyckie,GDAŃSK-PORT PÓŁNOCNY,pomorskie,18.3,2026-09-02
12,Morze Bałtyckie,NOWY ŚWIAT - UJŚCIE,pomorskie,19.2,2026-09-02
13,Zalew Wiślany,NOWY ŚWIAT - ZALEW,pomorskie,18.9,2026-09-02
14,Zalew Wiślany,KRYNICA MORSKA,pomorskie,18.5,2026-09-02
15,Zalew Wiślany,OSŁONKA,pomorskie,brak danych,2026-09-02
16,Elbląg,NOWAKOWO,warmińsko-mazurskie,brak danych,2026-09-02
17,Zalew Wiślany,TOLKMICKO,warmińsko-mazurskie,19.0,2026-09-02
18,Zalew Wiślany,NOWA PASŁĘKA,warmińsko-mazurskie,17.9,2026-09-02
19,Cieśnina Dziwna,WOLIN,zachodniopomorskie,brak danych,2026-09-02
20,Jez. Morzycko,PRZYJEZIERZE,zachodniopomorskie,19.9,2026-09-02
21,Jez. Ińsko,IŃSKO,zachodniopomorskie,19.2,2026-09-02
22,Jez. Lubie,LUBIESZEWO,zachodniopomorskie,19.2,2026-09-02
23,Jez. Ostrowite,WYSPA POKRZYWKA,zachodniopomorskie,20.0,2026-09-02
24,Jez. Jamno,UNIEŚCIE,zachodniopomorskie,19.8,2026-09-02
25,Jez. Komorze,SIKORY,zachodniopomorskie,19.7,2026-09-02
26,Jez. Drawsko,CZAPLINEK,zachodniopomorskie,18.3,2026-09-02
27,Jez. Bytyń Wielki,NAKIELNO,zachodniopomorskie,brak danych,2026-09-02
28,Jez. Gardno,GARDNA WIELKA,pomorskie,18.7,2026-09-02
29,Jez. Łebsko,IZBICA,pomorskie,16.0,2026-09-02
30,Jez. Jasień Pd.,JASIEŃ,pomorskie,19.6,2026-09-02
31,Jez. Charzykowskie,CHARZYKOWY,pomorskie,18.2,2026-09-02
32,Jez. Wdzydze,JEZIORNA,pomorskie,19.1,2026-09-02
33,Jez. Raduńskie Górne,BORUCINO,pomorskie,18.0,2026-09-02
34,Jez. Ostrzyckie,OSTRZYCE,pomorskie,18.6,2026-09-02
35,Jez. Dzierzgoń,PRABUTY,pomorskie,18.5,2026-09-02
36,Jez. Żabie,ŁUGI,lubuskie,19.2,2026-09-02
37,Jez. Niesłysz,PRZEŁAZY,lubuskie,20.5,2026-09-02
38,Jez. Sławskie,RADZYŃ,lubuskie,20.2,2026-09-02
39,Jez. Sławianowskie,BUNTOWO,wielkopolskie,19.2,2026-09-02
40,Jez. Powidzkie,POWIDZ,wielkopolskie,19.7,2026-09-02
41,Jez. Sępoleńskie,SĘPÓLNO KRAJEŃSKIE,kujawsko-pomorskie,19.6,2026-09-02
42,Jez. Gopło,KRUSZWICA,kujawsko-pomorskie,20.6,2026-09-02
43,Jez. Bachotek,BACHOTEK,kujawsko-pomorskie,19.5,2026-09-02
44,Jez. Druzno,ŻUKOWO,warmińsko-mazurskie,18.1,2026-09-02
45,Jez. Jeziorak,IŁAWA,warmińsko-mazurskie,18.8,2026-09-02
46,Jez. Dadaj,DADAJ,warmińsko-mazurskie,19.3,2026-09-02
47,Jez. Nidzkie,RUCIANE-NIDA,warmińsko-mazurskie,20.2,2026-09-02
48,Jez. Mikołajskie,MIKOŁAJKI,warmińsko-mazurskie,19.6,2026-09-02
49,Jez. Śniardwy,GŁODOWO,warmińsko-mazurskie,19.5,2026-09-02
50,Jez. Roś,MALDANIN,warmińsko-mazurskie,19.9,2026-09-02
51,Jez. Mamry,PRZYSTAŃ,warmińsko-mazurskie,18.5,2026-09-02
52,Jez. Litygajno,BORKI,warmińsko-mazurskie,19.0,2026-09-02
53,Jez. Ełckie,EŁK,warmińsko-mazurskie,19.3,2026-09-02
54,Jez. Selmęt Wielki,SORDACHY,warmińsko-mazurskie,18.7,2026-09-02
55,Jez. Białe Augustowskie,PRZEWIĘŹ,podlaskie,19.4,2026-09-02
56,Jez. Rospuda Filipowska,WÓLKA,podlaskie,18.7,2026-09-02
57,Jez. Hańcza,WRÓBEL,podlaskie,18.6,2026-09-02
58,Jez. Rajgrodzkie,RAJGRÓD,podlaskie,19.3,2026-09-02
59,Jez. Wigry,WIGRY,podlaskie,19.6,2026-09-02
60,Jez. Studzieniczne,PRZEWIĘŹ,podlaskie,19.1,2026-09-02
61,Jez. Morskie Oko,MORSKIE OKO,małopolskie,14.0,2026-09-02
